Date,eu_business_confidence,eu_composite_pmi,eu_consumer_confidence,eu_consumer_credit_change,eu_consumer_spending,eu_core_inflation_rate,eu_current_account,eu_disposasble_personal_income,eu_exports,eu_gdp,eu_gdp_yoy,eu_government_bond_10Y,eu_government_budget,eu_government_debt_to_gdp,eu_house_price_index,eu_households_debt_to_gdp,eu_imports,eu_industrial_production,eu_inflation_rate,eu_interest_rate,eu_manufacturing_pmi,eu_manufacturing_production,eu_money_supply_m2,eu_personal_savings_ratio,eu_population,eu_ppi_change_yoy,eu_retail_sales_yoy,eu_services_pmi,eu_stock_market,eu_unemployed_persons,eu_unemployment_rate,eu_wages,eu_youth_unemployment_rate,eu_zew_economic_sentiment_index
01/01/1999,-0.48,0,-1.8,414705.344,0,1.4,-8.97,0,53045.9,0,0,3.635,0,0,0,0,55698.4,1,0.8,3,0,0.4,3932527,0,0,-2.2,1.8,0,0,14207,10.1,0,18.9,-15.7
01/02/1999,-0.6,0,-2.1,418987.939,0,1.3,-3.02,0,58934.3,0,0,4.001,0,0,0,0,57061.8,-1.1,0.8,3,0,-1.5,3906623,0,0,-2,2.3,0,0,14104,10,0,18.6,-1.4
01/03/1999,-0.52,0,-3.4,424107.56,1150.7112,1.3,2.84,1072012,71490.4,0,2.2,3.994,0,0,0,46,68808.7,-0.6,1,3,0,-0.7,3932158,14.52,0,-1.9,3.4,0,0,14023,9.9,1212,18.5,13
01/04/1999,-0.61,0,-5.8,425977.644,0,1.2,3.04,0,64361.6,0,0,3.834,0,0,0,0,62294.5,-0.4,1.1,2.5,0,-0.5,3949081,0,0,-1.5,2.2,0,0,14006,9.9,0,18.1,30.5
01/05/1999,-0.52,0,-5.3,429320.816,0,1.2,-8.24,0,62271.4,0,0,4.129,0,0,0,0,63145.3,-0.9,1,2.5,0,-1.1,3969126,0,0,-1.4,1.3,0,0,13938,9.9,0,18,47.9
01/06/1999,-0.29,0,-5.6,432830.204,1158.45,1.1,2.4,1079111,71965.7,0,2.4,4.48,0,0,0,46.8,66411.5,0.6,0.9,2.5,0,0.5,3988287,14.08,0,-1,3,0,0,13894,9.8,1229,17.9,59.9
01/07/1999,-0.19,0,-3.9,435414.486,0,1.2,4.9,0,74655.1,0,0,4.825,0,0,0,0,65033.4,0.6,1.1,2.5,0,0.5,4024144,0,0,-0.4,2.1,0,0,13804,9.8,0,17.4,75.4
01/08/1999,-0.07,0,-4.3,436348.193,0,1.1,-4.44,0,59895.4,0,0,4.904,0,0,0,0,59345.8,2.4,1.2,2.5,0,2.7,4024145,0,0,0,1.8,0,0,13739,9.7,0,17.2,77.9
01/09/1999,0.14,0,-3.8,439642.924,1170.7128,1,-8.4,1090877,70787.2,0,2.9,5.129,0,0,0,47.2,71751.9,1.8,1.2,2.5,0,2,4030564,13.61,0,0.5,1,0,0,13661,9.7,1238,17,79.9
01/10/1999,0.37,0,-2.6,438146.242,0,0.9,-3.68,0,74954,0,0,5.103,0,0,0,0,71581,2.8,1.4,2.5,0,2.8,4051101,0,0,1.3,3.3,0,0,13550,9.6,0,17,83.4
01/11/1999,0.64,0,-2.1,439111.829,0,1,-8.37,0,76007.9,0,0,5.19,0,0,0,0,75378.7,4,1.5,3,0,4.5,4066544,0,0,1.9,2.6,0,0,13493,9.5,0,16.9,87.9
01/12/1999,0.71,0,-1.5,439844.431,1180.1989,1.1,-1.92,1100355,74938.8,7119.22,4,5.351,-1.5,70.6,0,47.7,74694.7,4.5,1.7,3,0,5.2,4076717,13,319.37,2.3,2.8,0,0,13397,9.5,1247,16.9,86.3
01/01/2000,0.72,0,0.5,442022.014,0,1.1,-14.25,0,65457.3,0,0,5.539,0,0,0,0,73302.7,3,1.9,3,0,1.7,4123334,0,0,3.4,1,0,0,13277,9.4,0,16.7,89.9
01/02/2000,1.02,0,-0.2,444176.474,0,1,-6.85,0,74302.1,0,0,5.491,0,0,0,0,76805.1,5.6,1.9,3.25,0,5.6,4137846,0,0,3.8,3.7,0,0,13161,9.3,0,16.5,86.7
01/03/2000,1.22,0,0.6,448524,1189.2139,0.9,-0.82,1109851,86628,0,4.2,5.223,0,0,0,47.8,87244.2,5.3,1.9,3.5,0,5.1,4148236,12.71,0,4.2,0.4,0,0,13029,9.2,1338,16.2,81.5
01/04/2000,1.03,0,1.6,451757.189,0,1,-9.3,0,72181.2,0,0,5.304,0,0,0,0,74533.7,5.4,1.7,3.75,0,5.7,4173291,0,0,3.9,3.7,0,0,12901,9.1,0,16,80.6
01/05/2000,1.45,0,2.2,453861.546,0,0.9,-14.72,0,87005.8,0,0,5.177,0,0,0,0,90645.5,7.1,1.7,3.75,0,7.7,4167949,0,0,4.5,4.4,0,0,12825,9,0,15.9,78.2
01/06/2000,1.25,0,1.4,456563,1199.6779,1,-6.27,1126423,83119.3,0,4.5,5.223,0,0,0,48,84966.7,4,2.1,4.25,0,5,4168646,12.76,0,4.8,3.2,0,0,12769,9,1348,15.8,74.9
01/07/2000,1.21,0,2,460219.906,0,0.9,-2.26,0,83145.1,0,0,5.212,0,0,0,0,81481.6,4,2,4.25,0,4.8,4184282,0,0,4.8,2.3,0,0,12714,8.9,0,15.8,70.1
01/08/2000,1.21,0,2.1,462866.274,0,0.9,-10.45,0,77163.4,0,0,5.301,0,0,0,0,80841.9,8.5,2,4.5,0,8.6,4211140,0,0,4.8,0.2,0,0,12641,8.9,0,15.8,62.8
01/09/2000,1.16,0,-1.6,469264.025,1206.0733,1,-12.32,1139817,86727.5,0,3.9,5.23,0,0,0,48.2,90478.5,4.3,2.5,4.5,0,5.2,4212073,12.95,0,5.5,4,0,0,12574,8.8,1360,15.6,37.2
01/10/2000,1.18,0,-0.6,470791.137,0,1.1,-7.95,0,94841.6,0,0,5.24,0,0,0,0,97258.1,3.2,2.4,4.75,0,3.8,4223855,0,0,5.6,2.5,0,0,12433,8.7,0,15.4,17.6
01/11/2000,1.15,0,-0.4,471715.453,0,1.1,-11.99,0,95157.6,0,0,4.996,0,0,0,0,98840.6,4.1,2.5,4.75,0,4.5,4228570,0,0,5.5,3.1,0,0,12346,8.6,0,15.2,6.1
01/12/2000,1.03,0,0.5,475219.167,1206.6774,1.6,-4.78,1159545,85795.3,6486.95,3.4,4.858,-0.3,68.1,0,48.6,89189.4,6.5,2.5,4.75,0,7,4226809,13.52,320.38,4.7,3.4,0,0,12235,8.6,1370,15,-0.3
01/01/2001,0.97,0,0.6,478466.454,0,1.3,-13.99,0,81972.6,0,0,4.8,0,0,0,0,89438.6,4.5,2,4.75,0,5.6,4341758,0,0,4.4,4.3,0,0,12065,8.5,0,15,-4.6
01/02/2001,0.74,0,-0.5,477914.634,0,1.2,-2.86,0,83491.7,0,0,4.747,0,0,0,0,83476.3,3.9,1.9,4.75,0,4.7,4365313,0,0,4.3,3.1,0,0,12013,8.4,0,15,-7
01/03/2001,0.55,0,-0.2,477814.863,1219.0263,1.5,-0.77,1177724,94714.5,0,3.2,4.687,0,0,0,48.5,92782,3.3,2.2,4.75,0,3.8,4384073,13.41,0,4,3.5,0,0,11968,8.4,1344,14.9,-10
01/04/2001,0.18,0,-0.9,482099.888,0,1.8,-7.44,0,83614.4,0,0,5.013,0,0,0,0,84802.1,0.8,2.7,4.75,0,0.6,4411753,0,0,4,2.7,0,0,11917,8.4,0,14.8,-4.2
01/05/2001,0.2,0,-2.2,485212.333,0,2,-11.05,0,90061.8,0,0,5.156,0,0,0,0,89536.3,0.3,3.1,4.5,0,0,4430119,0,0,3.6,2.1,0,0,11959,8.4,0,14.9,-1.5
01/06/2001,-0.11,0,-3,486977.291,1222.8519,2,-3.69,1188731,91545.4,0,2.3,5.098,0,0,0,48.7,87732.2,1.6,2.8,4.5,0,1.6,4467195,13.33,0,3.2,3.4,0,0,11935,8.4,1350,14.9,-3.9
01/07/2001,-0.25,0,-5.5,489617.557,0,1.9,4.59,0,92140,0,0,4.878,0,0,0,0,84797.6,-1.2,2.6,4.5,0,-1.3,4481827,0,0,2.3,2.2,0,0,11943,8.4,0,14.9,1.7
01/08/2001,-0.36,0,-8.5,488201.791,0,1.8,1.04,0,81407.3,0,0,4.785,0,0,0,0,77307.4,0.6,2.3,4.25,0,0.6,4499532,0,0,2,3.3,0,0,11984,8.4,0,15,12.2
01/09/2001,-0.9,0,-9,491011.763,1227.7159,2,-4.28,1203498,82835.3,0,1.9,4.801,0,0,0,48.7,79459.1,-0.8,2.2,3.75,0,-1.2,4533493,13.88,0,1,2.3,0,0,12020,8.4,1363,15.1,14.7
01/10/2001,-1.07,0,-11.1,494112.171,0,2.2,1.52,0,97315.5,0,0,4.373,0,0,0,0,88654.7,-2.1,2.2,3.75,0,-2.3,4552828,0,0,-0.1,0.8,0,0,12068,8.4,0,15.1,10.6
01/11/2001,-1.19,0,-12.9,495925.884,0,2.3,-2.42,0,91042.5,0,0,4.557,0,0,0,0,85918.8,-3.9,2,3.25,0,-4.9,4586479,0,0,-0.8,1.9,0,0,12131,8.5,0,15.2,14.9
01/12/2001,-1.01,0,-11.1,497076,1227.1035,2.3,12.96,1209365,81839.9,6593.23,1.2,4.997,-2,67,0,48.9,75129.4,-4.3,2,3.25,0,-6.1,4615194,13.75,321.45,-0.5,2.1,0,0,12178,8.5,1371,15.3,30.3
01/01/2002,-1.12,0,-10.1,496374.912,0,2.4,-2.7,0,81245.8,0,0,4.899,0,0,0,0,81352.5,-2.8,2.6,3.25,0,-3.9,4647964,0,0,-0.5,-0.8,0,0,12178,8.5,0,15.3,43.1
01/02/2002,-0.86,0,-9.2,495672.769,0,2.5,4.99,0,84387.9,0,0,4.951,0,0,0,0,78672,-3.2,2.5,3.25,0,-3.7,4654254,0,0,-0.7,1.2,0,0,12280,8.5,0,15.4,56.6
01/03/2002,-0.72,0,-8.4,496941.237,1228.4989,2.6,9.74,1217319,92624.6,0,0.5,5.239,0,0,0,49,83585.1,-2,2.5,3.25,0,-2.3,4663781,13.97,0,-0.5,1.2,0,0,12263,8.5,1381,15.3,75.7
01/04/2002,-0.45,0,-8.8,502660.526,0,2.4,-3.68,0,90490.6,0,0,5.125,0,0,0,0,87491,-0.6,2.3,3.25,0,-0.7,4696961,0,0,-0.5,0.8,0,0,12378,8.5,0,15.4,74.3
01/05/2002,-0.29,0,-7.2,504629.54,0,2.6,-6.98,0,91216.1,0,0,5.173,0,0,0,0,84053.9,-1.2,2,3.25,0,-1.6,4714858,0,0,-0.7,1.6,0,0,12441,8.6,0,15.4,68.4
01/06/2002,-0.47,0,-7.8,505640.371,1230.7121,2.5,5.3,1229898,90523.1,0,0.9,4.944,0,0,0,49.4,81054.7,-0.9,1.9,3.25,0,-1.4,4734877,14.31,0,-0.8,0.3,0,0,12532,8.6,1391,15.5,72.5
01/07/2002,-0.48,0,-9.5,508047.596,0,2.4,12.29,0,95790.1,0,0,4.752,0,0,0,0,82576.7,0.6,2,3.25,0,0.1,4762336,0,0,-0.4,1.5,0,0,12645,8.7,0,15.7,70.9
01/08/2002,-0.53,0,-11,509753.865,0,2.4,5.81,0,80594.7,0,0,4.563,0,0,0,0,73124.1,-1.1,2.1,3.25,0,-1.3,4785362,0,0,-0.2,1.7,0,0,12720,8.7,0,15.8,47.6
01/09/2002,-0.5,0,-9.8,513200.019,1237.6405,2.4,4.97,1234819,89580.8,0,1.2,4.272,0,0,0,49.6,81693.9,0,2.1,3.25,0,-0.2,4819871,13.77,0,0.1,1.6,0,0,12802,8.8,1394,15.9,43
01/10/2002,-0.36,0,-13.1,513705.624,0,2.3,2.17,0,99306.8,0,0,4.506,0,0,0,0,91070.9,0.9,2.3,3.25,0,0.1,4852504,0,0,0.8,2.7,0,0,12853,8.8,0,16.1,34.3
01/11/2002,-0.33,0,-14.8,513680.297,0,2.3,5.3,0,92837.5,0,0,4.488,0,0,0,0,85290.4,2.3,2.3,3.25,0,3,4891705,0,0,1,0.2,0,0,12959,8.9,0,16.2,24.2
01/12/2002,-0.28,0,-17.4,518853.485,1244.4944,2.2,8.77,1253753,84499,7173.6,1.2,4.194,-2.7,66.9,0,50.2,79126.4,-0.1,2.3,2.75,0,0.3,4914155,14.09,322.82,1.5,-0.7,0,0,13083,8.9,1405,16.3,27.1
01/01/2003,-0.33,0,-17.7,490424,0,1.9,-6.68,0,83435.1,0,0,4.058,0,0,0,0,85437,1.6,2.1,2.75,0,1.5,4920927,0,0,1.9,2.4,0,0,13167,9,0,16.8,29.9
01/02/2003,-0.3,0,-19.3,485708,0,1.9,-0.49,0,84079,0,0,3.896,0,0,0,0,80487.7,1.7,2.4,2.75,0,0.2,4968677,0,0,2.6,1.3,0,0,13204,9,0,16.8,28.7
01/03/2003,-0.66,0,-20.7,494647,1243.4832,1.9,5.87,1260275,89112.4,0,0.8,4.033,0,0,0,50.3,87309.9,0.1,2.5,2.5,0,-0.6,5003160,14.17,0,2.4,0.2,0,0,13257,9,1403,16.8,29.6
01/04/2003,-0.46,0,-18.8,493993,0,2,-3.66,0,85833.6,0,0,4.065,0,0,0,0,84377.1,0.7,2.1,2.5,0,0.6,5051373,0,0,1.6,1.3,0,0,13245,9,0,17.1,29.5
01/05/2003,-0.76,0,-18.6,494748,0,1.8,-8.19,0,84858.2,0,0,3.675,0,0,0,0,81696.1,-1.6,1.8,2.5,0,-1.5,5082692,0,0,1.2,0.2,0,0,13285,9,0,17.1,35.5
01/06/2003,-0.76,0,-17.6,501875,1245.8715,1.8,1.45,1269149,85662.8,0,0.4,3.801,0,0,0,50.9,79580.5,-1.7,1.9,2,0,-2,5096268,14.07,0,1.2,1,0,0,13378,9.1,1409,17.3,38
01/07/2003,-0.85,0,-17.7,503553,0,1.6,6.77,0,92888.9,0,0,4.196,0,0,0,0,80806.6,0.6,1.9,2,0,0.7,5127078,0,0,1.2,0.2,0,0,13373,9.1,0,17.2,50.5
01/08/2003,-0.47,0,-16.9,487105,0,1.7,2.36,0,75715.9,0,0,4.188,0,0,0,0,69730,-1.4,2.1,2,0,-2.1,5157292,0,0,1.4,0,0,0,13374,9.1,0,17.2,58.1
01/09/2003,-0.5,0,-16.7,477880,1251.534,1.8,2.97,1284200,91258.5,0,0.5,4.004,0,0,0,51.4,84037.6,-1.5,2.2,2,0,-1.6,5167404,14.22,0,1.1,-0.1,0,0,13412,9.1,1425,17.4,69.6
01/10/2003,-0.18,0,-17.4,481195,0,1.8,6.93,0,98199.4,0,0,4.325,0,0,0,0,90257.6,1.2,2,2,0,1,5198754,0,0,1,1.1,0,0,13414,9.1,0,17.3,66.8
01/11/2003,0.02,0,-16.2,479003,0,1.7,2.57,0,88599.1,0,0,4.452,0,0,0,0,84340.3,0.5,2.2,2,0,0.2,5214771,0,0,1.4,-0.6,0,0,13436,9.1,0,17.4,72.1
01/12/2003,0.02,0,-16.4,484489,1254.6815,1.6,9.25,1290442,89146.4,8850.6,1.1,4.292,-3.2,68.1,0,52,83930.6,2,2,2,0,2.1,5241218,14.2,324.57,1,0.4,0,2760.66,13539,9.1,1432,17.5,78.2
01/01/2004,0.09,0,-15,481240,0,1.7,-2.84,0,81123.5,0,0,4.243,0,0,0,0,80684.2,0.5,1.9,2,0,0.3,5256159,0,0,0.2,2,0,2839.14,13649,9.2,0,17.7,80.1
01/02/2004,-0.06,0,-14.8,481419,0,1.8,4.37,0,86960.5,0,0,4.084,0,0,0,0,81035.3,1.1,1.6,2,0,1.5,5279869,0,0,-0.1,0.8,0,2893.18,13698,9.2,0,17.9,75.6
01/03/2004,-0.1,0,-14.2,484545,1262.8288,1.8,12.82,1309300,101480.7,0,1.9,3.938,0,0,0,52,92448.1,1.4,1.7,2,0,1.1,5321738,14.06,0,0.2,1.7,0,2769.86,13788,9.3,1438,18.3,64.3
01/04/2004,0.35,0,-13.6,489339,0,1.8,5.73,0,95241.1,0,0,4.212,0,0,0,0,90250.1,2,2,2,0,2.1,5339826,0,0,1.3,2.2,0,2787.48,13771,9.3,0,18.4,59.1
01/05/2004,0.24,0,-14.7,489732,0,1.8,-4.76,0,93474.7,0,0,4.32,0,0,0,0,86902.7,3.9,2.5,2,0,3.8,5354614,0,0,2.4,0.5,0,2749.62,13814,9.3,0,18.4,59.2
01/06/2004,0.37,0,-13.5,502197,1266.0297,1.9,4.65,1320908,100830.5,0,2.4,4.358,0,0,0,52.9,93636.6,3.6,2.4,2,0,3.8,5387041,14.12,0,2.5,2.1,0,2811.08,13775,9.2,1448,18.5,56.8
01/07/2004,0.5,0,-14.1,503950,0,1.9,11.55,0,101463.6,0,0,4.27,0,0,0,0,89134.5,2.8,2.3,2,0,3,5416917,0,0,2.9,1.8,0,2720.05,13769,9.2,0,18.3,55.5
01/08/2004,0.48,0,-14,504824,0,1.9,0.75,0,85527.1,0,0,4.07,0,0,0,0,84101.9,2.7,2.3,2,0,3.1,5441446,0,0,3.1,1.2,0,2596.52,13769,9.2,0,18.2,52
01/09/2004,0.43,0,-13.2,507511,1268.0895,1.9,1.74,1330690,97823.3,0,2.2,3.965,0,0,0,53.3,96439,3.8,2.1,2,0,3.7,5482590,14.22,0,3.3,1.2,0,2726.3,13848,9.3,1448,18.2,44.7
01/10/2004,0.47,0,-14.4,509318,0,1.9,8.39,0,101375.5,0,0,3.86,0,0,0,0,97598.2,2,2.4,2,0,2.3,5514834,0,0,4,0.1,0,2811.72,13844,9.2,0,18.2,37.6
01/11/2004,0.33,0,-13.9,509874,0,1.9,0.47,0,101895.1,0,0,3.818,0,0,0,0,100689.4,1,2.2,2,0,0.5,5547085,0,0,3.7,2.2,0,2876.39,13899,9.3,0,18.3,22.1
01/12/2004,0.41,0,-14.1,515442,1278.6926,1.9,14.78,1339908,98279.5,10151.81,1.8,3.68,-3,68.4,0,53.9,93658.1,0.9,2.4,2,0,0.2,5572163,13.69,326.31,3.7,2.3,0,2951.24,13830,9.2,1453,18.2,17.7
01/01/2005,0.36,0,-12.9,515108,0,1.6,-9.26,0,87286.7,0,0,3.54,0,0,0,0,90211.1,1.3,1.9,2,0,2.1,5624589,0,0,4.3,1.9,0,2984.59,13778,9.2,0,18.3,29.9
01/02/2005,0.15,0,-14.1,514788,0,1.5,2.67,0,91159.4,0,0,3.711,0,0,0,0,88916,0.5,2.1,2,0,0.1,5655993,0,0,4.3,1.5,0,3058.32,13856,9.2,0,18.5,36
01/03/2005,-0.08,0,-14.3,519304,1282.5744,1.6,6.75,1347424,102873.1,0,1.4,3.668,0,0,89.65,54.2,100759.8,0.7,2.1,2,0,0.6,5685303,13.58,0,4.4,2,0,3055.73,13832,9.2,1466,18.3,37.3
01/04/2005,-0.26,0,-13.2,522923,0,1.4,-3.08,0,101053.4,0,0,3.389,0,0,0,0,101490.9,1.4,2.1,2,0,1.3,5717500,0,0,4.3,0.1,0,2930.1,13938,9.2,0,18.5,24.6
01/05/2005,-0.26,0,-14.2,527479,0,1.6,-6.37,0,100734.2,0,0,3.333,0,0,0,0,99933.7,0.1,2,2,0,-0.1,5763246,0,0,3.5,1.1,0,3076.7,13872,9.2,0,18.4,14.8
01/06/2005,-0.22,0,-14.5,538743,1289.9412,1.4,5.45,1360866,108053.7,0,1.5,3.194,0,0,91.04,55.2,102970.5,0.9,2.1,2,0,0.4,5827000,13.33,0,4.1,1.7,0,3181.54,13881,9.2,1472,18.5,16.7
01/07/2005,-0.08,0,-14.9,540558,0,1.3,6.51,0,104990.2,0,0,3.218,0,0,0,0,99923.6,0.9,2.2,2,0,0.4,5881695,0,0,4.2,2.3,0,3326.51,13759,9.1,0,18.4,29
01/08/2005,-0.08,0,-14.6,542040,0,1.3,-4.38,0,98132.4,0,0,3.153,0,0,0,0,101763.5,2.3,2.2,2,0,2.9,5918053,0,0,4,4.2,0,3263.78,13674,9,0,18.3,41.6
01/09/2005,0.02,0,-14.4,546215,1297.0449,1.3,2.28,1371033,110800,0,2,3.154,0,0,93.3,55.8,111119.2,1.8,2.6,2,0,1.9,5973225,12.87,0,4.3,2.2,0,3428.51,13730,9,1485,18.3,31.8
01/10/2005,0.16,0,-13.6,550282,0,1.4,2.45,0,108812.4,0,0,3.411,0,0,0,0,110290.9,1.1,2.5,2,0,1.4,6003573,0,0,4.2,1.9,0,3320.15,13716,9,0,18.2,34.7
01/11/2005,0.13,0,-13.8,551603,0,1.4,-1.56,0,113171.5,0,0,3.451,0,0,0,0,117114.7,3.6,2.3,2,0,4.1,6031197,0,0,4.1,0.5,0,3447.07,13634,8.9,0,17.9,40
01/12/2005,0.36,0,-11.7,555535,1302.8477,1.3,7.5,1385275,109374.8,10535.33,2.2,3.295,-2.6,69.2,93.78,56.6,112622.1,3.1,2.2,2.25,0,3.4,6090153,13.02,328.14,4.5,0.7,0,3578.93,13572,8.9,1497,17.8,51.2
01/01/2006,0.32,0,-10.8,555994,0,1.2,-8.71,0,101446.8,0,0,3.456,0,0,0,0,112544.7,2.8,2.4,2.25,0,2.3,6127578,0,0,5.2,1.5,0,3691.41,13465,8.8,0,17.7,66.1
01/02/2006,0.56,0,-10.9,557288,0,1.2,-6.58,0,105454.6,0,0,3.527,0,0,0,0,109860.9,3.3,2.3,2.25,0,3.6,6180699,0,0,5.6,2.1,0,3774.51,13419,8.8,0,17.8,66
01/03/2006,0.75,0,-11.5,558440,1310.7187,1.3,3.9,1397628,122828,0,3,3.791,0,0,95.57,57,124245.7,4,2.2,2.5,0,4,6221962,12.73,0,5.4,1.3,0,3853.74,13297,8.7,1502,17.5,61.1
01/04/2006,1.06,0,-10.5,562757,0,1.5,-5.04,0,106721.3,0,0,3.97,0,0,0,0,111692.4,2.6,2.5,2.5,0,2.9,6292041,0,0,5.7,2.4,0,3839.9,13155,8.6,0,17.4,58.7
01/05/2006,0.91,0,-8.8,570326,0,1.4,-16.09,0,115776.8,0,0,3.932,0,0,0,0,122448.8,6.2,2.5,2.5,0,6.8,6319479,0,0,6.1,2.7,0,3637.17,13017,8.5,0,17.3,47.7
01/06/2006,1.27,0,-8.9,577586,1317.2446,1.4,3,1414176,117931.2,0,3.4,4.054,0,0,97.61,57.7,119369.3,5.1,2.5,2.75,0,5.4,6359408,12.71,0,5.7,2.5,0,3648.92,12806,8.4,1516,16.9,37.3
01/07/2006,1.17,0,-8.1,581023,0,1.5,0.67,0,113321.4,0,0,3.923,0,0,0,0,114372.7,4,2.4,2.75,0,4.4,6369786,0,0,5.9,2.6,0,3691.87,12696,8.3,0,16.8,18.1
01/08/2006,1.12,0,-8.7,581511,0,1.4,-2.83,0,106632.4,0,0,3.804,0,0,0,0,113633.6,6.4,2.3,3,0,7,6411893,0,0,5.7,2.8,0,3808.7,12646,8.2,0,16.9,1.3
01/09/2006,1.23,0,-8.1,584383,1321.0448,1.5,0.59,1431646,120827.3,0,3.3,3.681,0,0,98.94,57.9,120822.7,4.3,1.7,3,0,4.9,6476587,12.98,0,4.6,2.1,0,3899.41,12571,8.2,1526,16.9,-10.2
01/10/2006,1.2,0,-8.4,585945,0,1.5,1.71,0,126748.3,0,0,3.787,0,0,0,0,125687.8,3.9,1.6,3.25,0,4.4,6504657,0,0,3.8,2.1,0,4004.8,12502,8.1,0,16.8,-12.5
01/11/2006,1.33,0,-7.9,586847,0,1.5,4.55,0,129244.1,0,0,3.691,0,0,0,0,126093.1,3.2,1.9,3.25,0,4,6559686,0,0,4.1,2.5,0,3987.23,12423,8,0,16.7,-11
01/12/2006,1.41,0,-6.8,588130,1333.0571,1.6,10.14,1448899,116522.9,11184.41,3.7,3.946,-1.5,67.4,99.97,58.4,116102.4,5.2,1.9,3.5,0,6.8,6661971,13.19,329.68,3.8,2.6,0,4119.94,12243,7.9,1542,16.5,-3
01/01/2007,1.22,0,-6.3,588427.792,0,1.7,-6.33,0,113034.9,0,0,4.103,0,0,0,0,122220.5,4,1.8,3.5,0,6.2,6708456,0,0,2.7,1.8,0,4178.54,12167,7.9,0,16.3,-1.8
01/02/2007,1.41,0,-5.5,586666.396,0,1.9,-6.28,0,115675.8,0,0,3.922,0,0,0,0,119630.4,4.6,1.8,3.5,0,6.3,6745460,0,0,2.5,2.3,0,4227.47,11988,7.8,0,15.8,6.8
01/03/2007,1.46,0,-5.3,591534.413,1333.3754,1.9,15.49,1458240,131530.1,0,3.6,4.061,0,0,100.14,58.5,126669.7,4.7,1.9,3.75,0,6.2,6821125,12.97,0,2.3,3.3,0,4181.03,11839,7.7,1543,15.7,5.1
01/04/2007,1.53,0,-4.4,594911.909,0,1.9,-1.49,0,118605.9,0,0,4.219,0,0,0,0,119810.8,3.1,1.9,3.75,0,4,6851190,0,0,1.8,2.5,0,4392.34,11684,7.6,0,15.6,10.7
01/05/2007,1.44,0,-1.5,596937.323,0,1.9,-16.01,0,123920.7,0,0,4.388,0,0,0,0,125444.1,3.7,1.9,3.75,0,4,6921891,0,0,2.1,0.9,58.3,4512.65,11678,7.5,0,15.6,22.3
01/06/2007,1.5,0,-1.9,603712.414,1342.7672,1.9,9.83,1470187,129884.8,0,3.1,4.555,0,0,101.83,58.8,124605.3,3.4,1.9,4,55.6,3.8,6979573,12.62,0,2,1.8,58.3,4489.77,11590,7.5,1551,15.7,19
01/07/2007,1.36,0,-2,607910.678,0,1.9,6.52,0,130613.9,0,0,4.328,0,0,0,0,128021.7,4,1.8,4,54.9,4.4,7061067,0,0,1.5,2,58.3,4315.69,11693,7.5,0,15.6,7.2
01/08/2007,1.31,0,-4.4,607502.665,0,1.9,-0.82,0,119851.2,0,0,4.216,0,0,0,0,120534.7,4.8,1.7,4,54.3,5.2,7097580,0,0,1.6,2.2,58,4294.56,11633,7.5,0,15.7,-6.1
01/09/2007,1.15,0,-6.4,608858.998,1347.6281,1.8,0.28,1484239,126084.8,0,3,4.344,0,0,102.97,58.9,124926.5,3.8,2.1,4,53.2,3.6,7153473,12.55,0,2.4,1.9,54.2,4381.71,11514,7.4,1567,15.4,-20.3
01/10/2007,0.89,0,-7.2,614816.267,0,1.9,4.34,0,140721.7,0,0,4.29,0,0,0,0,138377.6,4.7,2.6,4,51.5,4.3,7273791,0,0,3.3,1.3,55.8,4489.79,11452,7.3,0,15.4,-19
01/11/2007,1.06,0,-9.3,615413.747,0,1.9,-1.17,0,136382.2,0,0,4.159,0,0,0,0,136120.5,3.2,3.1,4,52.8,2.6,7317607,0,0,4.3,0.7,54.1,4394.95,11415,7.3,0,15.3,-30
01/12/2007,0.92,0,-9.6,620254.375,1353.0043,1.9,-0.58,1504156,116820.5,12877.4,2.4,4.324,-0.6,65,103.04,59.1,123105.3,1.6,3.1,4,52.6,0.9,7360262,12.7,331.2,4.4,-0.9,53.1,4399.72,11474,7.3,1583,15.3,-35.7
01/01/2008,0.8,0,-11.5,620740.263,0,1.8,-28.51,0,125529.6,0,0,3.933,0,0,0,0,139075.9,3.8,3.2,4,52.8,3.7,7445489,0,0,5,1.6,50.6,3792.8,11475,7.3,0,15.2,-41.7
01/02/2008,0.72,0,-12.7,621312.576,0,1.8,-9.58,0,131112.8,0,0,3.874,0,0,0,0,131637.3,3,3.3,4,52.3,3.1,7504762,0,0,5.3,1.5,51.7,3724.5,11438,7.3,0,15.2,-41.4
01/03/2008,0.82,0,-13.1,626319.564,1353.6856,2,-6.23,1516562,129736.9,0,2.1,3.901,0,0,103.61,59.1,132514.6,1.8,3.6,4,52,1.7,7538185,12.64,0,5.6,-1.6,51.6,3628.06,11368,7.3,1593,15.2,-35
01/04/2008,0.47,0,-12.7,630188.409,0,1.7,-11.57,0,139790.6,0,0,4.116,0,0,0,0,140114.4,4.3,3.3,4,50.7,3.7,7619420,0,0,6.1,-1.2,52,3825.02,11557,7.4,0,15.4,-44.8
01/05/2008,0.57,0,-14.3,630930.142,0,1.7,-23.68,0,128276.9,0,0,4.454,0,0,0,0,135146.5,-0.8,3.7,4,50.6,-0.6,7666529,0,0,6.7,0.8,50.6,3777.85,11577,7.4,0,15.7,-43.6
01/06/2008,0.21,0,-16.6,638293.191,1351.2908,1.8,-4.24,1529688,136713.9,0,1.2,4.628,0,0,104.05,59.6,140048.2,-0.4,4,4,49.2,-0.3,7700432,12.96,0,7.7,-1.7,49.1,3352.81,11721,7.5,1606,16,-52.7
01/07/2008,-0.05,0,-19.8,639115.712,0,1.7,-6.66,0,143478,0,0,4.352,0,0,0,0,148551.4,-1.1,4,4.25,47.4,-1.2,7755489,0,0,8.9,-1.5,48.3,3367.82,11724,7.5,0,16.2,-63.7
01/08/2008,-0.15,0,-19.8,636349.252,0,1.9,-15.59,0,117232.4,0,0,4.174,0,0,0,0,128473.6,-1.4,3.8,4.25,47.6,-1.4,7784389,0,0,8.2,-1.5,48.5,3365.63,11872,7.6,0,16.4,-55.7
01/09/2008,-0.65,0,-19.6,639961.56,1345.2002,1.9,-9.81,1534264,138121.8,0,0.1,4.03,0,0,103.58,59.9,144753.1,-2.9,3.6,4.25,45,-3,7866059,12.67,0,7.7,-0.4,48.4,3038.2,11985,7.7,1619,16.6,-40.9
01/10/2008,-1.24,0,-24.9,640464.528,0,1.9,-8.12,0,141730.9,0,0,3.878,0,0,0,0,143613.4,-5.6,3.2,3.75,41.1,-5.8,8009407,0,0,6.1,-1.8,45.8,2591.76,12238,7.8,0,16.9,-62.7
01/11/2008,-2.19,0,-27,635737.096,0,1.9,-16.94,0,121389.9,0,0,3.251,0,0,0,0,129011,-8.8,2.1,3.25,35.6,-8.8,8028013,0,0,3,-1.7,42.5,2430.31,12573,8,0,17.3,-54
01/12/2008,-3.06,0,-31.3,634487.562,1340.7393,1.9,3.74,1524823,113309.5,14115.37,-2.1,2.947,-2.2,68.6,101.91,60.3,115977,-12.3,1.6,3.25,33.9,-13.1,8049716,13.66,333.1,1.5,-0.9,42.1,2447.62,13013,8.3,1623,17.9,-46.1
01/01/2009,-3.15,0,-30.9,638789.923,0,1.6,-19.83,0,94158.3,0,0,3.277,0,0,0,0,107182.1,-16.5,1.1,2,34.4,-19.1,8082151,0,0,-0.4,-2.1,42.2,2236.98,13631,8.7,0,18.7,-30.8
01/02/2009,-3.69,0,-33.3,636544.66,0,1.7,-9.75,0,100544.4,0,0,3.091,0,0,0,0,103183.1,-18.7,1.2,2,33.5,-20.8,8108078,0,0,-1.5,-4.5,39.2,2293.23,14089,9,0,19.3,-8.7
01/03/2009,-3.87,0,-34.6,639053.736,1332.8848,1.5,1.78,1514276,110894,0,-5.5,2.997,0,0,100.68,61.2,110429.3,-19.5,0.6,1.5,33.9,-20.7,8097182,14.48,0,-2.8,-3.3,40.9,2071.13,14556,9.3,1577,19.9,-6.5
01/04/2009,-3.63,0,-30.8,634736.143,0,1.8,-6.36,0,103771.9,0,0,3.183,0,0,0,0,102225,-21.5,0.6,1.25,36.8,-22,8150018,0,0,-4.4,-2.3,43.8,2375.34,14773,9.5,0,20.3,11.8
01/05/2009,-3.49,0,-28.3,633687.146,0,1.5,-8.45,0,100122.6,0,0,3.612,0,0,0,0,98728.7,-17.4,0,1,40.7,-18.3,8134686,0,0,-5.5,-3.6,44.8,2451.24,14912,9.6,0,20.3,28.5
01/06/2009,-3.18,0,-25.2,640486.725,1333.6053,1.4,3.07,1515967,109778.1,0,-5.4,3.385,0,0,100.33,62.3,104516.2,-17.1,-0.1,1,42.6,-18.1,8159159,14.22,0,-6.2,-2.6,44.7,2401.69,15066,9.7,1590,20.6,42.7
01/07/2009,-2.92,0,-23.1,637380.753,0,1.3,14.12,0,118257.2,0,0,3.304,0,0,0,0,106051.6,-16.1,-0.7,1,46.3,-17,8178763,0,0,-8.1,-1.8,45.7,2638.13,15210,9.8,0,20.9,39.5
01/08/2009,-2.31,0,-22.2,632639.421,0,1.3,-0.37,0,93484.2,0,0,3.268,0,0,0,0,96039.6,-15,-0.2,1,48.2,-16.2,8180091,0,0,-7.3,-2.7,49.9,2775.17,15338,9.9,0,20.9,54.9
01/09/2009,-2.15,0,-19.3,633215.69,1331.3936,1.2,-1.35,1521151,113093.5,0,-4.6,3.206,0,0,100.38,63.2,112557.9,-13,-0.3,1,49,-13.5,8190191,14.39,0,-7.5,-3.3,50.9,2872.63,15531,10,1601,21.2,59.6
01/10/2009,-1.81,0,-17.9,631434.019,0,1.2,1.77,0,116345.3,0,0,3.241,0,0,0,0,112406.6,-11.3,-0.1,1,50.7,-11.9,8192385,0,0,-6.6,-1.7,52.6,2743.5,15633,10,0,21.2,56.9
01/11/2009,-1.44,0,-17.6,630288.057,0,1,2.84,0,113906.5,0,0,3.16,0,0,0,0,111871,-7.2,0.5,1,51.2,-7.6,8180459,0,0,-4.4,-2.8,53,2797.25,15662,10.1,0,21,51.8
01/12/2009,-1.14,0,-16.4,633613.655,1336.8939,1.1,15.88,1523021,111897.7,12905.45,-2.4,3.401,-6.3,78.4,100.73,63.9,109408.8,-3.9,0.9,1,51.6,-4.6,8215316,13.97,334.47,-3.1,-0.7,53.6,2964.96,15786,10.1,1611,21.1,48
01/01/2010,-0.93,0,-15.9,625088.12,0,0.8,-16.28,0,98263.4,0,0,3.2,0,0,0,0,109325.4,2.2,1,1,52.4,1.7,8217861,0,0,-1.1,-0.5,52.5,2776.83,15844,10.2,0,21.2,46.4
01/02/2010,-0.73,0,-17.6,620755.803,0,0.7,-5.29,0,110621.6,0,0,3.107,0,0,0,0,109006,4.1,0.9,1,54.2,4.2,8227168,0,0,-0.5,-0.6,51.8,2728.47,15898,10.2,0,21.3,40.2
01/03/2010,-0.38,0,-17.6,621353.825,1338.5021,1.1,2.56,1521913,136106.2,0,1,3.102,0,0,100.16,63.8,134237,7.6,1.4,1,56.6,7.8,8232184,13.38,0,0.7,1.8,54.1,2931.16,15955,10.2,1616,21.2,37.9
01/04/2010,0.06,0,-15.3,622493.361,0,0.9,1.27,0,122072.3,0,0,2.965,0,0,0,0,122505.4,8.9,1.5,1,57.6,8.9,8259554,0,0,2.4,-0.5,55.6,2816.86,16061,10.3,0,21.5,46
01/05/2010,0.18,0,-18,622035.026,0,0.9,-12.86,0,122619.2,0,0,2.653,0,0,0,0,127750.7,8.6,1.6,1,55.8,8.7,8282864,0,0,2.9,0.8,56.2,2610.26,16050,10.3,0,21.4,37.6
01/06/2010,0.23,0,-17.5,648985.705,1342.2428,1,2.69,1527246,139228.5,0,2.3,2.552,0,0,101.36,63.8,138229.2,8.3,1.4,1,55.6,9.4,8319030,13.16,0,3,1,55.5,2573.32,15930,10.3,1619,21.2,18.8
01/07/2010,0.49,0,-14.4,645946.372,0,1,8.25,0,138739.4,0,0,2.672,0,0,0,0,133624.9,7.7,1.7,1,56.7,8.4,8322419,0,0,3.9,0.5,55.8,2742.14,15818,10.2,0,20.9,10.7
01/08/2010,0.58,0,-11.8,644411.542,0,1,-1.76,0,121558.9,0,0,2.112,0,0,0,0,127319.7,8.8,1.6,1,55.1,9.4,8374172,0,0,3.6,1.7,55.9,2622.95,15793,10.2,0,20.8,15.8
01/09/2010,0.65,0,-11.5,642477.858,1343.7973,1.2,0.58,1538654,138645.6,0,2.4,2.285,0,0,101.88,63.6,138278.9,5.9,1.8,1,53.7,6.6,8369960,13.04,0,4.2,0.9,54.1,2747.9,15810,10.2,1631,20.9,4.4
01/10/2010,0.88,0,-11.4,641412.723,0,1.1,5.14,0,140685.8,0,0,2.524,0,0,0,0,137604.4,7.1,1.9,1,54.6,7.8,8387424,0,0,4.2,1,53.3,2844.99,15862,10.2,0,20.9,1.8
01/11/2010,0.93,0,-10,642114.303,0,1.1,4.35,0,141954.5,0,0,2.667,0,0,0,0,144346.7,8,1.9,1,55.3,8.4,8407455,0,0,4.3,1.9,55.4,2650.99,15766,10.1,0,21,13.8
01/12/2010,1.29,0,-11.6,640742.306,1349.6052,1.1,11.63,1543560,135672.9,12642.94,2.4,2.949,-6.2,83.8,101.73,63.7,137465.1,9.2,2.2,1,57.1,9.5,8420889,12.49,335.27,5.1,-0.4,54.2,2792.82,15703,10.1,1637,21.1,15.5
01/01/2011,1.45,0,-11.7,633843.448,0,1.1,-21.24,0,125867.3,0,0,3.163,0,0,0,0,142377.5,6,2.3,1,57.3,8,8437182,0,0,5.4,0.7,55.9,2953.63,15618,10.1,0,21,25.4
01/02/2011,1.49,0,-10.3,630656.632,0,1,-11.42,0,135991.8,0,0,3.171,0,0,0,0,139230.4,8.1,2.4,1,59,9.9,8445223,0,0,6,1.4,56.9,3013.09,15585,10,0,20.9,29.5
01/03/2011,1.48,0,-11,633703.865,1348.1802,1.3,2.39,1552916,159138.8,0,2.8,3.358,0,0,102.16,63.1,158663.6,6.5,2.7,1,57.5,7.5,8455516,12.62,0,6.3,-1.4,57.2,2910.91,15605,10,1638,21,31
01/04/2011,1.36,0,-12,635186.762,0,1.6,-2.04,0,140082,0,0,3.236,0,0,0,0,144742.7,5.6,2.8,1.25,58,7.2,8457061,0,0,6.4,1,56.7,3011.25,15535,10,0,20.8,19.7
01/05/2011,1.06,0,-10.2,633161.427,0,1.5,-12.6,0,150192.4,0,0,3.021,0,0,0,0,152005.7,4.3,2.7,1.25,54.6,5.7,8473867,0,0,5.9,-1.3,56,2861.92,15640,10,0,20.8,13.6
01/06/2011,1,0,-10,632902.06,1342.119,1.5,5.36,1565903,145040.6,0,1.8,3.028,0,0,102.89,63.3,145697.7,2.6,2.7,1.25,52,3.2,8498153,12.79,0,5.5,-0.6,53.7,2848.53,15675,10,1646,20.9,-5.9
01/07/2011,0.58,0,-11.5,629449.886,0,1.2,2.82,0,146440.3,0,0,2.545,0,0,0,0,145244.9,4.2,2.5,1.5,50.4,5.1,8513905,0,0,5.9,-0.2,51.6,2670.37,15853,10.1,0,21,-7
01/08/2011,0.19,0,-16.7,630641.806,0,1.2,-1.68,0,138363.5,0,0,2.222,0,0,0,0,144922,5.4,2.5,1.5,49,6.4,8560869,0,0,5.7,0.1,51.5,2302.08,16015,10.2,0,21,-40
01/09/2011,0.03,0,-19.2,629592.269,1343.9318,1.6,2.43,1563846,152468.5,0,1.4,1.888,0,0,102.68,63.1,151993.6,1.9,3,1.5,48.5,2.4,8587162,12.3,0,5.6,-1,48.8,2179.66,16282,10.4,1649,21.3,-44.6
01/10/2011,-0.07,0,-20,628961.114,0,1.6,2.88,0,148707.8,0,0,2.025,0,0,0,0,150274.3,0.4,3,1.5,47.1,1.2,8575622,0,0,5.5,-0.6,46.4,2385.22,16424,10.4,0,21.4,-51.2
01/11/2011,-0.27,0,-20.4,626992.276,0,1.6,9.21,0,156232.1,0,0,2.281,0,0,0,0,152258.2,-0.1,3,1.25,46.4,0.7,8587779,0,0,5.4,-1.1,47.5,2330.43,16671,10.6,0,21.8,-59.1
01/12/2011,-0.18,0,-21.3,628456.135,1336.834,1.6,23.29,1570144,148571.1,13622.72,0.4,1.825,-4.2,86.1,101.56,62.9,141351,-1.6,2.7,1,46.9,0.1,8611004,12.85,334.57,4.4,-1.2,50.5,2316.55,16839,10.7,1655,22.1,-54.1
01/01/2012,-0.04,0,-20.6,624004.743,0,1.5,-13.49,0,140098.4,0,0,1.793,0,0,0,0,149053.9,-1.7,2.7,1,48.8,-1,8641354,0,0,4.1,-0.4,50.4,2416.66,16908,10.8,0,22.3,-32.5
01/02/2012,0.03,0,-20,618819.706,0,1.5,-6.09,0,150833.8,0,0,1.811,0,0,0,0,149914.5,-2,2.7,1,49,-2.9,8680897,0,0,3.9,-2,48.8,2512.11,17206,10.9,0,22.7,-8.1
01/03/2012,-0.14,0,-18.8,617631.512,1334.3986,1.6,10.35,1571725,166294.1,0,-0.5,1.798,0,0,100.55,62.6,159318.8,-1.8,2.7,1,46,-1.2,8721713,12.44,0,3.6,0.3,47.9,2477.28,17487,11.1,1662,23.1,11
01/04/2012,-0.34,0,-19.7,617858.796,0,1.6,5.58,0,148574.6,0,0,1.663,0,0,0,0,145483.9,-2.5,2.6,1,45.9,-3.3,8701685,0,0,2.9,-3.1,46.9,2306.43,17696,11.2,0,23.2,13.1
01/05/2012,-0.6,0,-19.1,618652.039,0,1.6,-1.4,0,159678.8,0,0,1.211,0,0,0,0,153385.3,-2.3,2.4,1,45.1,-2.5,8744592,0,0,2.6,-0.3,46.7,2118.94,17864,11.3,0,23.4,-2.4
01/06/2012,-0.77,46.4,-19.6,617067.462,1328.8137,1.6,25.03,1568467,162559.1,0,-0.8,1.579,0,0,100.3,62.7,149700.6,-1.9,2.4,1,45.1,-2.1,8782832,12.54,0,2.2,-0.4,47.1,2264.72,18024,11.4,1663,23.4,-20.1
01/07/2012,-1.1,46.5,-21.2,611251.888,0,1.7,22.78,0,163156.8,0,0,1.283,0,0,0,0,149649.2,-2.5,2.4,0.75,44,-2.7,8826298,0,0,2,-1.7,47.9,2284.7,18155,11.5,0,23.6,-22.3
01/08/2012,-1.06,46.3,-24.3,607329.56,0,1.5,9.9,0,153393.3,0,0,1.34,0,0,0,0,148112.3,-1.1,2.6,0.75,45.1,-1.3,8846003,0,0,2.9,-0.6,47.2,2440.71,18235,11.5,0,23.7,-21.2
01/09/2012,-1.21,46.1,-25.6,604904.271,1325.9499,1.5,14.24,1565009,154264.4,0,-1,1.434,0,0,99.92,62.6,145787.4,-2.3,2.6,0.75,46.1,-2.4,8879174,12.29,0,2.8,-1.4,46.1,2454.26,18379,11.6,1666,23.9,-3.8
01/10/2012,-1.53,45.7,-25.4,603568.775,0,1.5,14.65,0,171037.3,0,0,1.459,0,0,0,0,161372.2,-2.9,2.5,0.75,45.4,-3.2,8952426,0,0,2.6,-2.6,46,2503.64,18610,11.7,0,24.1,-1.4
01/11/2012,-1.1,46.5,-26.5,599834.015,0,1.4,20.83,0,165243.8,0,0,1.383,0,0,0,0,152715.1,-3.9,2.2,0.75,46.2,-4.1,8971264,0,0,2.2,-1.8,46.7,2575.25,18717,11.8,0,24.3,-2.6
01/12/2012,-1.01,47.2,-26.3,604305.166,1319.4219,1.5,35.36,1562855,144279.7,12637.59,-1.1,1.306,-3.6,89.5,99.39,62.5,134050.6,-2.6,2.2,0.75,46.1,-2.9,8998082,12.04,335.3,2.2,-2.5,47.8,2635.93,18819,11.9,1664,24.4,7.6
01/01/2013,-1,48.6,-23.9,598062.589,0,1.3,-7.83,0,147081,0,0,1.677,0,0,0,0,152303,-2.3,2,0.75,47.9,-2.6,9015694,0,0,1.7,-2.1,48.6,2702.98,19042,12,0,24.6,31.2
01/02/2013,-0.67,47.9,-23.6,592318.971,0,1.3,6.05,0,149071.1,0,0,1.458,0,0,0,0,139979.8,-2.8,1.8,0.75,47.9,-2.2,9049538,0,0,1.2,-1.4,47.9,2633.55,19113,12.1,0,24.8,42.4
01/03/2013,-0.8,46.5,-23.5,590919.019,1315.8238,1.5,28.91,1566792,165746.2,0,-1.2,1.282,0,0,98,62.2,143837.6,-1.7,1.7,0.75,46.8,-3,9080770,12.42,0,0.5,-2,46.4,2624.02,19102,12,1675,24.5,33.4
01/04/2013,-1.02,46.9,-22.2,591096.781,0,1,16.16,0,161955,0,0,1.211,0,0,0,0,148040.7,-0.6,1.2,0.75,46.7,-0.6,9101272,0,0,-0.3,-0.9,47,2712,19153,12.1,0,24.4,24.9
01/05/2013,-0.76,47.7,-22,590228.235,0,1.2,7.35,0,159414.7,0,0,1.511,0,0,0,0,144915.3,-1.8,1.4,0.5,48.3,-1.8,9122208,0,0,-0.4,-0.1,47.2,2769.64,19111,12.1,0,24.3,27.6
01/06/2013,-0.65,48.7,-18.8,589524.208,1318.8166,1.2,26.29,1572158,157424.9,0,-0.4,1.73,0,0,98.25,62,141952.1,-0.4,1.6,0.5,48.8,-0.1,9133754,12.43,0,0.1,-1.3,48.3,2602.59,19119,12,1681,24.2,30.6
01/07/2013,-0.51,50.5,-17.4,589625.359,0,1.1,25.32,0,168532.8,0,0,1.676,0,0,0,0,150746,-1.8,1.6,0.5,50.3,-1.8,9151250,0,0,-0.1,-0.9,49.8,2768.15,19149,12,0,24.4,32.8
01/08/2013,-0.21,51.5,-15.7,586225.119,0,1.1,12.19,0,144797.8,0,0,1.855,0,0,0,0,137733.7,-1.5,1.3,0.5,51.4,-1.5,9190970,0,0,-0.9,0.3,50.7,2721.37,19120,12,0,24.3,44
01/09/2013,-0.17,52.2,-15,583016.552,1321.5907,1,18.52,1576650,158536.5,0,0,1.78,0,0,98.45,61.8,147684.6,0,1.1,0.5,51.1,0.1,9199965,12.35,0,-0.8,-0.2,52.2,2893.15,19082,12,1689,24.5,58.6
01/10/2013,-0.04,51.9,-14.6,576417.741,0,0.8,23.41,0,173012.8,0,0,1.679,0,0,0,0,156460.4,0.4,0.7,0.5,51.3,0.7,9222721,0,0,-1.3,-0.3,51.6,3067.95,18966,11.9,0,24.4,59.1
01/11/2013,0.33,51.7,-15.5,573055.041,0,0.9,26.87,0,161902.7,0,0,1.69,0,0,0,0,145494.2,2.7,0.9,0.25,51.6,3,9237477,0,0,-1.2,1.6,51.2,3086.64,18906,11.9,0,24.4,60.2
01/12/2013,0.31,52.1,-13.7,575762.058,1324.3247,0.7,36.08,1582633,149655.5,13187.5,0.8,1.941,-3,91.4,97.71,61.4,135926.9,1.7,0.8,0.25,52.7,2,9204347,12.45,336.05,-0.7,0.1,51,3109,18824,11.9,1699,24.3,68.3
01/01/2014,0.29,52.9,-11.8,571382.884,0,0.8,-0.69,0,148276.4,0,0,1.659,0,0,0,0,148860.7,1.9,0.8,0.25,54,3.2,9234214,0,0,-1.4,1.1,51.6,3013.96,18895,11.9,0,24.6,73.3
01/02/2014,0.38,53.3,-12.9,567907.352,0,1,9.94,0,154023,0,0,1.627,0,0,0,0,139981.9,1.9,0.7,0.25,53.2,3.8,9261576,0,0,-1.6,1.3,52.6,3149.23,18855,11.9,0,24.5,68.5
01/03/2014,0.42,53.1,-9.5,570152.856,1323.846,0.7,25.14,1583536,164071.1,0,1.4,1.57,0,0,97.55,60.9,148465.7,0.5,0.5,0.25,53,2.4,9280495,12.55,0,-1.6,1.3,52.2,3161.6,18741,11.8,1675,24.4,61.5
01/04/2014,0.33,54,-8.8,570012.965,0,1,17.77,0,159402,0,0,1.47,0,0,0,0,144959.9,1.8,0.7,0.25,53.4,3.1,9284152,0,0,-1.3,2,53.1,3198.39,18584,11.7,0,24.1,61.2
01/05/2014,0.37,53.5,-7.4,567482.396,0,0.7,3.43,0,159920.5,0,0,1.357,0,0,0,0,145970.8,0.7,0.5,0.25,52.2,1.3,9336821,0,0,-1,0.9,53.2,3244.6,18518,11.7,0,23.9,55.2
01/06/2014,0.23,52.8,-7.7,572766.391,1327.9702,0.8,15.97,1590116,162509.7,0,1.1,1.251,0,0,98.5,60.8,147658.9,0.3,0.5,0.15,51.8,0.6,9364156,12.62,0,-0.8,1.8,52.8,3228.24,18326,11.5,1679,23.7,58.4
01/07/2014,0.22,53.8,-8.5,572724.722,0,0.8,30.67,0,173305.1,0,0,1.17,0,0,0,0,153476.3,1.8,0.4,0.15,51.8,2.5,9395438,0,0,-1.3,0.2,54.2,3115.51,18453,11.6,0,23.8,48.1
01/08/2014,0.19,52.5,-10.3,566595.959,0,0.9,13.49,0,140122.1,0,0,0.888,0,0,0,0,133367.9,-0.5,0.4,0.15,50.7,0,9446860,0,0,-1.5,1.7,53.1,3172.63,18270,11.5,0,23.6,23.7
01/09/2014,0.09,52,-11.6,568483.699,1332.8957,0.8,32.41,1600913,172037.1,0,1.2,0.946,0,0,98.96,60.5,154584.9,0.5,0.3,0.05,50.3,0.9,9484550,12.86,0,-1.5,1,52.4,3225.93,18358,11.5,1689,23.4,14.2
01/10/2014,0.11,52.1,-11.3,569336.762,0,0.7,33.65,0,180238.9,0,0,0.841,0,0,0,0,158040.4,0.8,0.4,0.05,50.6,1.2,9496315,0,0,-1.4,1.6,52.3,3113.32,18361,11.5,0,23.3,4.1
01/11/2014,0.23,51.1,-11.8,566080.942,0,0.7,25.53,0,163670.4,0,0,0.702,0,0,0,0,143923.4,-0.6,0.3,0.05,50.1,0.2,9565715,0,0,-1.5,1.4,51.1,3250.93,18342,11.5,0,23.3,11
01/12/2014,0.1,51.4,-11.1,564752.061,1339.7681,0.7,42.78,1604139,162328.5,13457.72,1.4,0.54,-2.6,92,98.38,60.4,138676.9,0.9,-0.2,0.05,50.6,1.6,9669289,12.75,337.5,-2.7,3.3,51.6,3146.43,18053,11.3,1692,23,31.8
01/01/2015,0.16,52.6,-8.5,564416.693,0,0.6,6.72,0,148053.9,0,0,0.313,0,0,0,0,141433.4,0.9,-0.6,0.05,51,0.7,9746427,0,0,-3.5,3,52.7,3351.44,17923,11.3,0,22.8,45.2
01/02/2015,0.11,53.3,-6.7,560485.552,0,0.7,16.43,0,161180.2,0,0,0.324,0,0,0,0,141797.2,2.1,-0.3,0.05,51,1.7,9760451,0,0,-2.8,2.7,53.7,3599,17801,11.2,0,22.7,52.7
01/03/2015,0.26,54,-3.7,564981.544,1345.8024,0.6,33.67,1612058,182728.4,0,1.8,0.185,0,0,98.35,60,163628.9,2.8,-0.1,0.05,52.2,2.7,9808354,12.63,0,-2.3,2,54.2,3697.38,17784,11.2,1686,22.7,62.4
01/04/2015,0.35,53.9,-4.6,565347.16,0,0.6,26.57,0,173745.8,0,0,0.364,0,0,0,0,153673.4,1.1,0,0.05,52,1.4,9858774,0,0,-2.1,2.7,54.1,3615.59,17631,11.1,0,22.6,64.8
01/05/2015,0.31,53.6,-5.6,566579.434,0,0.9,7.28,0,164348.8,0,0,0.486,0,0,0,0,146269.5,2.2,0.3,0.05,52.2,2.8,9913263,0,0,-2.1,3.2,53.8,3570.78,17598,11,0,22.4,61.2
01/06/2015,0.17,54.2,-5.6,580056.635,1351.8397,0.8,37.13,1622397,182846.3,0,2,0.77,0,0,99.91,59.7,157769.9,2.4,0.2,0.05,52.5,2.9,9946028,12.44,0,-2.1,3.1,54.4,3424.3,17511,11,1699,22.6,53.7
01/07/2015,0.4,53.9,-7.2,580278.5,0,1,41.53,0,185051.8,0,0,0.648,0,0,0,0,154959.4,2.6,0.2,0.05,52.4,2.4,10011422,0,0,-2.1,4.1,54,3600.69,17185,10.8,0,22.1,42.7
01/08/2015,0.21,54.3,-6.9,580625.611,0,0.9,21.96,0,147910.1,0,0,0.795,0,0,0,0,137005.4,3.2,0.1,0.05,52.3,3.7,10041925,0,0,-2.7,2.6,54.4,3269.63,17035,10.7,0,22.2,47.6
01/09/2015,0.34,53.6,-7.1,583239.825,1357.7826,0.9,36.15,1632393,173154.9,0,1.9,0.59,0,0,100.81,59.5,154385,2.1,-0.1,0.05,52,2.5,10072317,12.43,0,-3.3,2.9,53.7,3100.67,16922,10.6,1700,22.2,33.3
01/10/2015,0.43,53.9,-7.6,595115.663,0,1.1,32.38,0,180777.4,0,0,0.523,0,0,0,0,157760.9,2.7,0.1,0.05,52.3,3.1,10126793,0,0,-3.2,2.3,54.1,3418.23,16902,10.6,0,22.2,30.1
01/11/2015,0.34,54.2,-6,595569.897,0,0.9,32.91,0,173852.7,0,0,0.475,0,0,0,0,150812.6,2.2,0.2,0.05,52.8,2.6,10182562,0,0,-3.2,1.4,54.2,3506.45,16739,10.5,0,21.8,28.3
01/12/2015,0.41,54.3,-5.8,597157.787,1363.1034,0.9,43.7,1640110,168730.4,11616.14,1.9,0.635,-2.1,90.3,100.93,59.2,144362,0.6,0.2,0.05,53.2,1.5,10201823,12.61,338.52,-2.9,1.8,54.2,3267.523,16694,10.4,1706,21.7,33.9
01/01/2016,0.31,53.6,-6.4,594209.537,0,1,12.68,0,144853.8,0,0,0.334,0,0,0,0,140031.7,3.5,0.3,0.05,52.3,4.5,10272279,0,0,-3,1.3,53.6,3045.09,16575,10.3,0,21.6,22.7
01/02/2016,0.12,53,-8.9,595695.978,0,0.8,17.37,0,163187.1,0,0,0.108,0,0,0,0,145007.5,0.7,-0.2,0.05,51.2,1.8,10311477,0,0,-4.1,2,53.3,2945.746,16564,10.3,0,21.5,13.6
01/03/2016,0.14,53.1,-9.8,600298.283,1372.8632,1,38.59,1650896,179224.6,0,1.7,0.156,0,0,101.42,58.8,150898.7,0,0,0,51.6,0,10345398,12.32,0,-4,1.4,53.1,3004.931,16382,10.2,1713,21.3,10.6
01/04/2016,0.17,53,-9.4,602365.061,0,0.7,38.08,0,171686.4,0,0,0.282,0,0,0,0,146001.8,2.1,-0.2,0,51.7,2,10374360,0,0,-4.4,0.9,53.1,3028.211,16435,10.2,0,21.3,21.5
01/05/2016,0.26,53.1,-7.1,599298.945,0,0.8,21.29,0,167897.1,0,0,0.147,0,0,0,0,144571,0.4,-0.1,0,51.5,0.3,10415513,0,0,-3.8,0.8,53.3,3063.479,16309,10.1,0,21.1,16.8
01/06/2016,0.23,53.1,-7.3,605132.153,1378.8286,0.9,41.49,1658878,180228.3,0,1.6,-0.127,0,0,102.94,58.9,151285.5,0.8,0.1,0,52.8,1.2,10456784,12.42,0,-3.1,0.8,52.8,2864.738,16264,10.1,1716,21,20.2
01/07/2016,0.38,53.2,-8,604818.199,0,0.9,36.76,0,167574.9,0,0,-0.12,0,0,0,0,142819,-0.4,0.2,0,52,0.1,10512568,0,0,-2.6,0.9,52.9,2990.765,16065,10,0,20.8,-14.7
01/08/2016,0.05,52.9,-8.6,606504.71,0,0.8,27.44,0,160557.2,0,0,-0.065,0,0,0,0,143063.3,2.2,0.2,0,51.7,2.5,10549072,0,0,-1.9,1.2,52.8,3023.13,15963,9.9,0,20.6,4.6
01/09/2016,0.43,52.6,-8.3,608943.719,1384.1669,0.8,38.74,1666007,177053.8,0,1.7,-0.12,0,0,104.26,58.7,152695.2,1.4,0.4,0,52.6,1.4,10579151,12.29,0,-1.5,0.9,52.2,3002.241,15871,9.9,1728,20.5,5.4
01/10/2016,0.55,53.3,-8,612234.128,0,0.8,27.02,0,172614.2,0,0,0.163,0,0,0,0,152966.8,0.7,0.5,0,53.5,0.4,10589495,0,0,-0.5,2.9,52.8,3055.245,15709,9.8,0,20.3,12.3
01/11/2016,0.42,53.9,-6.2,613325.657,0,0.8,33.18,0,183489,0,0,0.274,0,0,0,0,159310,3.4,0.6,0,53.7,3,10667398,0,0,0,2.5,53.8,3051.611,15692,9.7,0,20.6,15.8
01/12/2016,0.74,54.4,-5.2,617055.685,1389.8973,0.9,40.3,1674881,179161.6,11886,2.1,0.208,-1.5,89.2,104.98,58.6,151475.3,2.7,1.1,0,54.9,2,10686336,12.07,339.89,1.6,1.3,53.7,3290.52,15515,9.6,1745,20.3,18.1
01/01/2017,0.75,54.4,-4.9,617514.838,0,0.9,-0.08,0,163399.8,0,0,0.437,0,0,0,0,164807.5,0.5,1.8,0,55.2,-0.7,10744461,0,0,3.9,1.3,53.7,3230.68,15427,9.6,0,19.9,23.2
01/02/2017,0.81,56,-6.4,618078.323,0,0.9,25.13,0,171547.2,0,0,0.208,0,0,0,0,155136.3,1.4,2,0,55.4,1.2,10797590,0,0,4.5,1.7,55.5,3319.61,15198,9.5,0,19.5,17.1
01/03/2017,0.82,56.4,-5.1,625089.12,1394.606,0.7,44.72,1693338,205344.4,0,2.2,0.331,0,0,105.45,58.5,176261.9,2.2,1.5,0,56.2,3.2,10877202,12.31,0,3.9,2.6,56,3500.93,15092,9.4,1749,19.3,25.6
01/04/2017,1.08,56.8,-3.6,627796.078,0,1.2,22.3,0,168865.6,0,0,0.324,0,0,0,0,152138.8,1.2,1.9,0,56.7,1.5,10897639,0,0,4.3,2.4,56.4,3559.59,14813,9.2,0,19.2,26.3
01/05/2017,0.9,56.8,-3.3,633296.445,0,0.9,17.9,0,190717.5,0,0,0.311,0,0,0,0,170393.6,3.9,1.4,0,57,4.3,10923250,0,0,3.4,2.4,56.3,3554.59,14759,9.2,0,19.3,35.1
01/06/2017,1.15,56.3,-1.3,637016.728,1402,1.1,28.1,1709550,187244.2,0,2.6,0.465,0,0,107,58.1,160656.7,2.6,1.3,0,57.4,2.4,10980213,12.06,0,2.5,3.1,55.4,3441.88,14613,9.1,0,19,37.7
01/07/2017,1.04,55.7,-1.7,640831.723,0,1.2,0,0,0,0,0,0.533,0,0,0,0,0,0,1.3,0,56.6,0,10997684,0,0,0,0,55.4,3449.36,14749,9.1,0,19.1,35.6
01/08/2017,1.09,55.7,-1.5,642135.568,0,1.2,29.61,0,171527,0,0,0.359,0,0,0,0,155440,3.8,1.5,0,57.4,4.4,11082855,0,0,0,0,54.7,3421.47,0,0,0,0,29.3
01/09/2017,0,0,0,644847,1410,0,41.81,1719435,187068,0,2.9,0.464,0,0,109,57.9,160703,3.3,0,0,0,0,11114735,12.02,0,2.9,3.7,0,3594.85,14402,8.9,0,18.7,31.7
01/10/2017,1.44,56,-1,648726,0,0.9,35.9,0,187857,0,0,0.364,0,0,0,0,168934,3.7,0,0,0,4.4,0,0,0,0,0.4,0,0,0,0,0,0,0
01/11/2017,1.49,57.5,0.1,651438,0,0.9,37.83,0,197508,0,0,0.367,0,0,0,0,171236,3.2,1.5,0,60.1,4.2,11183767,0,0,2.8,2.8,56.2,3646,14163,8.7,0,18.2,30.9
01/12/2017,1.66,58,0.5,653889,1411,0.9,45.81,1733153,180711,12590,3,0.427,-0.9,86.7,109,58,155296,5.2,1.4,0,60.6,5.9,11199918,12.21,341,2.2,1.9,56.5,3576,14034,8.7,0,17.9,29
01/01/2018,1.54,58.6,1.3,653908,0,1,12.83,0,178638,0,0,0.697,0,0,0,0,175371,2.7,1.3,0,59.6,5.2,11260807,0,0,1.5,2.3,57.6,3490,14005,8.6,0,17.7,31.8
01/02/2018,1.48,57.5,0.1,657004,0,1,22.73,0,177531,0,0,0.654,0,0,0,0,158633,2.9,1.2,0,58.5,2.5,11275434,0,0,1.6,1.8,56.7,3613,13810,8.5,0,17.7,29.3
01/03/2018,1.34,55.3,0.1,661170,1413,1,40.55,1742505,199940,0,2.6,0.493,0,0,110,57.8,173007,3,1.4,0,56.6,2.3,11286499,11.98,0,2.1,0.8,55,3401,13716,8.5,0,17.3,13.4
01/04/2018,1.35,55.2,0.4,665996,0,0.7,26.2,0,182908,0,0,0.562,0,0,0,0,166203,1.7,1.2,0,56,2,11303898,0,0,2,1.7,55,3331,13780,8.5,0,17.2,1.9
01/05/2018,1.45,54.1,0.2,668203,0,1.1,4.62,0,189592,0,0,0.34,0,0,0,0,173078,2.4,1.9,0,55.5,2.8,11406313,0,0,3,1.4,53.9,3537,13558,8.4,0,16.8,2.4
01/06/2018,1.39,54.8,-0.5,671392,1419,1,28.5,1758164,198564,0,2.2,0.303,0,0,112,0,176054,2.5,2,0,55,3,11485969,12.08,0,3.6,1.2,55,3462,13473,8.3,0,16.9,-12.6
01/07/2018,1.29,54.3,-0.6,676751,0,1.1,31.93,0,194632,0,0,0.445,0,0,0,0,177076,-0.1,2.1,0,55.1,0.2,11485662,0,0,4,1.1,54.4,3360,13290,8.2,0,16.6,-18.7
01/08/2018,1.22,54.4,-1.9,677865,0,1,20.49,0,181517,0,0,0.331,0,0,0,0,169846,0.9,2,0,54.6,1.1,11508741,0,0,4.2,2.4,54.4,3517,13131,8,0,16.6,-11.1
01/09/2018,1.27,54.2,-2.9,676704,1421,1,24.07,1769770,184813,0,1.6,0.472,0,0,113,0,171671,0.6,2.1,0,53.3,0.9,11577096,12.3,0,4.5,0.3,54.7,3392,13063,8,0,16.8,-7.2
01/10/2018,1.07,52.7,-5.3,683520,0,1.2,26.63,0,209706,0,0,0.386,0,0,0,0,195754,1.1,2.3,0,52.1,1.5,11630647,0,0,4.9,2.6,53.7,3414,13080,8,0,17.3,-19.4
01/11/2018,1.08,52.4,-6.1,685302,0,0.9,23.2,0,203010,0,0,0.315,0,0,0,0,184043,-2.9,1.9,0,51.5,-2.8,11671079,0,0,4,1.9,53.4,3204,12949,7.9,0,16.9,-22
01/12/2018,0.86,51.3,-7.8,686015,0,0.9,32.99,0,176503,0,1.2,0.246,0,0,0,0,159512,-4.2,1.5,0,51.4,-3.9,11700944,0,0,3,0.5,51.2,3215,12829,7.9,0,16.6,-21
01/01/2019,0.69,50.7,-7.4,0,0,1.1,0,0,0,0,0,0.149,0,0,0,0,0,-0.6,1.4,0,50.5,-1.5,0,0,0,0,2.2,51.2,0,0,7.8,0,0,-20.9
01/02/2019,0.69,51.4,-6.9,0,0,1,0,0,0,0,0,0.182,0,0,0,0,0,-0.2,1.5,0,49.3,0.7,0,0,0,0,3,52.8,0,0,7.8,0,0,-16.6
01/03/2019,0.54,,-6.6,,,0.8,,,,,1.4,-0.071,,,,,,-0.8,1.4,0,47.5,2,,,,,2.2,53.3,,,7.7,,,-2.5
01/04/2019,0.42,,-7.3,,,1.3,,,,,0,0.013,,,,,,-0.8,1.7,0,47.9,-0.9,,,,,2.2,52.8,,,7.6,,,4.5
01/05/2019,0.3,,-6.5,,,0.8,,,,,0,-0.203,,,,,,-0.8,1.2,0,47.7,-0.9,,,,,1.3,52.9,,,7.6,,,-1.6
01/06/2019,0.17,,-7.2,,,1.1,,,,,1.2,-0.328,,,,,,-2.5,1.3,0,47.6,-2.6,,,,,2.8,53.6,,,7.5,,,-20.2
01/07/2019,-0.11,,-6.6,,,0.9,,,,,0,-0.442,,,,,,-2.2,1,0,46.5,-2.2,,,,,2.4,53.2,,,7.6,,,-20.3
01/08/2019,0.13,,-7.1,,,0.9,,,,,0,-0.703,,,,,,-2.8,1,0,47,-2.8,,,,,2.8,53.5,,,7.5,,,-43.6
01/09/2019,-0.23,,-6.5,,,1,,,,,1.2,-0.572,,,,,,-1.8,0.8,0,45.7,-1.8,,,,,2.7,51.6,,,7.6,,,-22.4
01/10/2019,-0.2,,-7.6,,,1.1,,,,,0,-0.403,,,,,,-2.2,0.7,0,45.9,-2.3,,,,,1.4,52.2,,,7.5,,,-23.5
01/11/2019,-0.23,,-7.2,,,1.3,,,,,0,,,,,,,,1,0,46.9,,,,,,,51.9,,,,,,-1
01/12/2019,,,,,,,,,,,,,,,,,,,,0,45.9,,,,,,,52.4,,,,,,11.2