Date,us_business_confidence,us_business_inventories,us_chicago_pmi,us_composite_pmi,us_consumer_confidence,us_consumer_credit_change,us_consumer_spending,us_core_pceinflation_rate,us_current_account,us_disposasble_personal_income,us_durable_goods_orders,us_exports,us_gdp,us_gdp_yoy,us_government_budget,us_government_debt_to_gdp,us_house_price_index,us_households_debt_to_gdp,us_imports,us_industrial_production,us_inflation_rate,us_interest_rate,us_manufacturing_pmi,us_manufacturing_production,us_money_supply_m2,us_non_manufacturing_pmi,us_personal_income_tax_rate,us_personal_savings_ratio,us_population,us_ppi_change_yoy,us_private_debt_to_gdp,us_producer_prices,us_retail_sales_yoy,us_services_pmi,us_unemployed_persons,us_unemployment_rate,us_wages,us_youth_unemployment_rate
01/01/1999,50.6,0,50.4,0,103.9,10.2,0,1.4,0,6742.4,4.5,78033,0,0,0,0,0.6,0,93980,3.7,1.7,4.75,50.6,4.1,4383.5,55.6,0,5.7,0,0.84,0,0,6.6,0,5976,4.3,13.27,10.2
01/02/1999,51.7,0.5,52.1,0,108.1,10.1,0,1.3,0,6762.6,-0.5,77635,0,0,0,0,0.4,0,96421,4.1,1.6,4.75,51.7,4.9,4406.5,54.4,0,5.6,0,0.46,0,0,7.7,0,6111,4.4,13.3,10.1
01/03/1999,52.4,0.7,55.6,0,105.7,9.6,7618.7,1.2,-60841,6775,-0.5,78449,0,4.8,0,0,0.4,64.7,96350,4.2,1.7,4.75,52.4,4.9,4413.7,55.3,0,5.3,0,0.77,0,0,7.6,0,5783,4.2,13.33,9.9
01/04/1999,52.3,0.3,61.2,0,104.6,6.8,0,1.3,0,6793.4,-0.9,78872,0,0,0,0,0.5,0,97125,4.1,2.3,4.75,52.3,4.8,4441.4,55.5,0,4.5,0,1.15,0,0,7,0,6004,4.3,13.38,10
01/05/1999,54.3,0.3,57.4,0,106.8,10.5,0,1.2,0,6810.3,1.6,78939,0,0,0,0,0.6,0,99168,4.2,2.1,4.75,54.3,5.3,4465.3,55.3,0,4.3,0,1.38,0,0,7.5,0,5796,4.2,13.43,9.6
01/06/1999,55.8,0.3,56.5,0,107.3,11.2,7731.5,1.4,-68085,6835,-1.8,79234,0,4.6,0,0,0.5,65.1,102349,4.7,2,5,55.8,5.7,4487,56.7,0,4.2,0,1.53,0,0,6.9,0,5951,4.3,13.47,10
01/07/1999,53.6,0.5,58.8,0,106,13.1,0,1.3,0,6860.7,3.6,80449,0,0,0,0,0.5,0,103870,5.7,2.1,5,53.6,6.6,4514,56.2,0,4.1,0,1.45,0,0,8.4,0,6025,4.3,13.52,9.9
01/08/1999,54.8,0.2,58.6,0,104.5,10.9,0,1.1,0,6902.1,0.2,81943,0,0,0,0,0.6,0,104920,4,2.3,5.25,54.8,4.7,4531.4,56.4,0,4,0,2.3,0,0,10.1,0,5838,4.2,13.54,9.6
01/09/1999,57,0.6,52,0,107.2,7.8,7819.3,1.4,-76889,6921.2,-0.3,83163,0,4.6,0,0,0.3,65.7,106063,3.8,2.6,5.25,57,4.5,4547,56.2,0,3.5,0,3.14,0,0,9.6,0,5915,4.2,13.61,10.2
01/10/1999,57.2,0.3,59.1,0,103.2,6.2,0,1.4,0,6975.5,3,83565,0,0,0,0,0.6,0,107096,4.4,2.6,5.25,57.2,5,4570.5,57.6,0,3.9,0,2.82,0,0,8,0,5778,4.1,13.64,10
01/11/1999,58.1,1.1,59.4,0,107.2,8.1,0,1.5,0,7031.1,-4.1,84441,0,0,0,0,0.4,0,109665,4.9,2.6,5.5,58.1,5.5,4589.3,54.9,0,4.1,0,3.06,0,0,8.4,0,5716,4.1,13.66,9.9
01/12/1999,57.8,0.8,56.7,0,105.4,5.8,7934.1,1.4,-82546,7106.1,5.2,85142,9660.62,4.7,1.3,58.9,0.5,66,111479,5.3,2.7,5.5,57.8,5.6,4617,56.9,0,3.7,279.04,2.9,173.3,0,9.4,0,5653,4,13.7,9.6
01/01/2000,56.7,0.2,59.3,0,111.4,7.4,0,1.5,0,7186.2,2.6,85646,0,0,0,0,1.2,0,112733,4.8,2.7,5.5,56.7,5.4,4645.6,56.6,0,4.7,0,2.51,0,0,8.6,0,5708,4,13.75,9.4
01/02/2000,55.8,0.6,57.2,0,111.3,10.7,0,1.7,0,7236.8,-8.7,86142,0,0,0,0,-0.1,0,116071,4.6,3.2,5.75,55.8,4.7,4658.7,56.2,0,4.2,0,3.98,0,0,9,0,5858,4.1,13.8,9.9
01/03/2000,54.9,0.4,56.3,0,107.1,12.3,8054.9,1.8,-94940,7285.9,4.5,87368,0,4.2,0,0,0.8,65.7,118523,4.8,3.8,6,54.9,5.5,4689.6,57.4,0,3.9,0,4.35,0,0,9.8,0,5733,4,13.84,9.6
01/04/2000,54.7,0.6,55.6,0,109.2,9.1,0,1.7,0,7309.2,1.5,88855,0,0,0,0,0.7,0,117655,5.3,3.1,6,54.7,5.8,4742.9,58,0,4.4,0,3.64,0,0,7.4,0,5481,3.8,13.9,9.2
01/05/2000,53.2,0.6,53.5,0,110.7,13,0,1.7,0,7342.2,-3.3,88017,0,0,0,0,0.5,0,117830,4.7,3.2,6.5,53.2,4.7,4733.6,57.7,0,4.3,0,3.7,0,0,6.5,0,5758,4,13.94,9.8
01/06/2000,51.4,0.9,53.4,0,106.4,26,8132.2,1.7,-96866,7383.3,16.5,90771,0,5.3,0,0,0.7,66.1,121737,5,3.7,6.5,51.4,5.3,4750.8,56.9,0,4.2,0,4.45,0,0,7,0,5651,4,13.98,9.3
01/07/2000,52.5,0.1,52.1,0,108.3,20.2,0,1.8,0,7440.1,-13.9,90421,0,0,0,0,0.5,0,121848,4.2,3.7,6.5,52.5,4.9,4768.7,55.3,0,4.6,0,4.29,0,0,5.9,0,5747,4,14.03,9.3
01/08/2000,49.9,0.7,47.2,0,107.3,21.9,0,1.8,0,7479,-0.3,92424,0,0,0,0,0.4,0,122459,3.4,3.4,6.5,49.9,3.6,4796.7,57.6,0,4.6,0,3.37,0,0,4.9,0,5853,4.1,14.07,9.3
01/09/2000,49.7,0,50.1,0,106.8,17.4,8211.3,1.8,-104933,7511.8,5.9,92347,0,4.1,0,0,0.6,66.9,126365,4.3,3.5,6.5,49.7,4.4,4832.3,56.7,0,3.8,0,3.49,0,0,6.2,0,5625,3.9,14.13,8.9
01/10/2000,48.7,0.5,48,0,105.8,15.6,0,1.8,0,7534.2,-6.9,91511,0,0,0,0,0.6,0,124734,2.6,3.4,6.5,48.7,2.6,4848.7,56.7,0,4,0,3.7,0,0,5.8,0,5534,3.9,14.18,8.9
01/11/2000,48.5,0.6,43.7,0,107.6,16.4,0,1.9,0,7539.3,1.7,91388,0,0,0,0,0.6,0,123996,2.1,3.4,6.5,48.5,1.7,4859.6,56.2,0,3.8,0,3.78,0,0,4.2,0,5639,3.9,14.24,9.1
01/12/2000,43.9,-0.1,45.3,0,98.4,16,8284.4,1.8,-106712,7558,-0.4,90431,10284.78,2.9,2.3,55.5,0.6,67.7,123885,1.1,3.4,6.5,43.9,0.5,4903.7,54,0,3.5,282.17,3.56,180.9,0,2.2,0,5634,3.9,14.29,9.2
01/01/2001,42.3,0.2,42.5,0,94.7,12.9,0,1.9,0,7633.7,-6.2,90331,0,0,0,0,0.6,0,125148,0.4,3.7,5.5,42.3,-0.2,4953.5,51.6,0,4,0,4.83,0,0,4,0,6023,4.2,14.29,9.6
01/02/2001,42.1,-0.5,41.6,0,90.6,18.9,0,1.9,0,7659.6,1.8,90181,0,0,0,0,0.7,0,119530,-0.5,3.5,5.5,42.1,-1,4991.3,51.3,0,4.1,0,3.97,0,0,2.5,0,6089,4.2,14.37,9.6
01/03/2001,43.1,-0.5,35.1,0,91.5,11.8,8319.4,1.8,-105283,7683.9,1.1,88454,0,2.3,0,0,0.6,67.7,121186,-1.1,2.9,5,43.1,-1.9,5048.1,50.7,0,4.5,0,3,0,0,0.5,0,6141,4.3,14.42,9.8
01/04/2001,42.7,-0.1,39.4,0,88.4,12.6,0,1.9,0,7680.7,-5.7,86748,0,0,0,0,0.6,0,117966,-2.1,3.3,4.5,42.7,-2.9,5107.5,48.3,0,4.3,0,3.73,0,0,3.6,0,6271,4.4,14.45,10.2
01/05/2001,41.3,-0.2,37.6,0,92,8.1,0,1.8,0,7685.5,3.4,87256,0,0,0,0,0.5,0,114702,-2.9,3.6,4,41.3,-3.4,5110,49,0,3.7,0,3.93,0,0,3.7,0,6226,4.3,14.5,9.9
01/06/2001,43.2,-0.8,41.4,0,92.6,11.2,8340.8,2,-94693,7700.6,-0.8,85035,0,0.9,0,0,0.5,69.1,114175,-3.6,3.2,3.75,43.2,-4.3,5150.5,50.1,0,3.7,0,2.6,0,0,2.5,0,6484,4.5,14.55,10.4
01/07/2001,43.5,-0.7,39.3,0,92.4,5,0,2,0,7813.9,-3.5,82833,0,0,0,0,0.6,0,112914,-4,2.7,3.75,43.5,-4.8,5180.1,48.1,0,5,0,1.37,0,0,2.5,0,6583,4.6,14.55,10.2
01/08/2001,46.3,-0.1,43.1,0,91.5,9,0,2,0,7950,0.2,83787,0,0,0,0,0.5,0,111958,-3.9,2.7,3.5,46.3,-4.6,5213.3,46.9,0,6.1,0,1.95,0,0,3.1,0,7042,4.9,14.6,11.2
01/09/2001,46.2,-0.5,46.8,0,81.8,7.9,8371.2,1.2,-103211,7866.2,-3.7,77367,0,0.5,0,0,0.5,70.4,108508,-4.6,2.6,3,46.2,-5.2,5324.1,49.5,0,6.3,0,1.58,0,0,-0.5,0,7142,5,14.64,10.8
01/10/2001,40.8,-1.6,45.2,0,82.7,15.6,0,1.8,0,7771.7,4.5,77883,0,0,0,0,0.6,0,108722,-4.8,2.1,2.5,40.8,-5.5,5310,44.8,0,2.7,0,-0.29,0,0,6.4,0,7694,5.3,14.66,11.5
01/11/2001,44.1,-1.1,43.1,0,83.9,28,0,1.8,0,7785,-4.5,77999,0,0,0,0,0.3,0,107735,-5.3,1.9,2,44.1,-5.6,5353,48.2,0,3.4,0,-1.21,0,0,4,0,8003,5.5,14.72,11.6
01/12/2001,45.3,-0.7,42,0,88.8,10,8499.1,1.7,-86499,7796.3,0.9,77780,10621.82,0.2,1.2,54.6,0.7,71.8,104618,-5,1.6,1.75,45.3,-4.8,5405.7,49.7,0,3.8,285.08,-1.65,184.2,0,2.9,0,8258,5.7,14.75,12.2
01/01/2002,47.5,-0.1,45.2,0,93,-0.4,0,1.4,0,7967.6,-2.1,78920,0,0,0,0,0.6,0,108275,-3.8,1.1,1.75,47.5,-3.7,5425.9,48.9,0,5.6,0,-2.69,0,0,1.7,0,8182,5.7,14.76,12.1
01/02/2002,50.7,-0.5,50.7,0,90.7,14.5,0,1.5,0,7989.2,6.6,78880,0,0,0,0,0.6,0,111167,-3.2,1.1,1.75,50.7,-3.1,5455.6,52.7,0,5.3,0,-2.62,0,0,2.2,0,8215,5.7,14.78,11.8
01/03/2002,52.4,-0.4,55.2,0,95.7,12.8,8524.6,1.5,-102150,8007.8,-1.9,79601,0,1.4,0,0,0.6,72.5,110425,-2.1,1.5,1.75,52.4,-2.1,5466.4,52.8,0,5.3,0,-1.56,0,0,2.8,0,8304,5.7,14.82,12.5
01/04/2002,52.4,-0.1,55.6,0,93,9.3,0,1.6,0,8065.2,1.3,81551,0,0,0,0,0.6,0,115217,-1.5,1.6,1.75,52.4,-1.7,5460.8,53.5,0,5.1,0,-2.12,0,0,2.9,0,8599,5.9,14.84,12.3
01/05/2002,53.1,0.3,57.9,0,96.9,10.7,0,1.7,0,8089.3,0.3,81724,0,0,0,0,0.7,0,115645,-0.4,1.2,1.75,53.1,-0.4,5494.4,54.8,0,5.6,0,-2.87,0,0,1.2,0,8399,5.8,14.88,11.6
01/06/2002,53.6,0.2,56.4,0,92.4,12.6,8568.1,1.7,-113057,8117.2,-3.2,82741,0,1.4,0,0,0.6,73.9,117641,1.1,1.1,1.75,53.6,1.4,5519.6,52.5,0,5.4,0,-2.25,0,0,2.5,0,8393,5.8,14.94,11.8
01/07/2002,50.2,0.6,53.4,0,88.1,12,0,1.6,0,8108.8,4.6,83036,0,0,0,0,0.7,0,116686,1.5,1.5,1.75,50.2,1.5,5560.7,50.4,0,4.6,0,-1.21,0,0,3.9,0,8390,5.8,14.98,12.1
01/08/2002,50.3,0.1,53.8,0,87.6,8.3,0,1.7,0,8117.7,1.7,83422,0,0,0,0,0.7,0,119165,1.7,1.8,1.75,50.3,2.2,5601.7,50.9,0,4.4,0,-1.49,0,0,4,0,8304,5.7,15.02,12
01/09/2002,50.5,0.7,51.7,0,86.1,3.2,8628,2.4,-112893,8135.9,-5.3,82744,0,2.3,0,0,0.6,75.1,119263,2.2,1.5,1.75,50.5,2.6,5626.2,52.3,0,4.9,0,-1.77,0,0,4.5,0,8251,5.7,15.07,11.7
01/10/2002,49,0.2,45.9,0,80.6,6.5,0,1.8,0,8169.4,-0.1,82028,0,0,0,0,0.7,0,117199,2.3,2,1.75,49,2.8,5670.1,51.4,0,4.7,0,0.72,0,0,-1.7,0,8307,5.7,15.12,11.8
01/11/2002,48.5,0.2,53.3,0,84.2,8,0,1.7,0,8195.9,1.7,83041,0,0,0,0,0.6,0,122665,3.4,2.2,1.25,48.5,3.6,5719.6,52.9,0,4.7,0,1.01,0,0,1.6,0,8520,5.9,15.15,12.1
01/12/2002,51.6,0.6,53.7,0,86.7,6.9,8674.4,1.7,-122694,8226.3,-4.1,81017,10977.51,2,-1.5,57,0.7,76.9,124311,2.8,2.4,1.25,51.6,2.7,5740.4,52.3,0,4.5,287.8,1.16,188.3,0,3.6,0,8640,6,15.21,12.1
01/01/2003,51.3,0.1,54.2,0,82.4,10.5,0,1.7,0,8250.4,3.3,82110,0,0,0,0,0.6,0,122850,2.9,2.6,1.25,51.3,2.7,5772.3,53.3,0,4.5,0,2.47,0,0,4.1,0,8520,5.8,15.22,12
01/02/2003,48.8,0.8,53.7,0,79.9,10.8,0,1.7,0,8267.2,3.1,82779,0,0,0,0,0.6,0,122142,3.2,3,1.25,48.8,2.8,5808.6,52.6,0,4.8,0,3.34,0,0,2.1,0,8618,5.9,15.29,12.1
01/03/2003,46.3,0,49,0,77.6,7.8,8712.5,1.7,-133916,8316.7,-0.4,82580,0,1.6,0,0,0.3,77.8,125935,2.1,3,1.25,46.3,2.2,5828.5,49.1,0,4.6,0,3.97,0,0,4.3,0,8588,5.9,15.29,12
01/04/2003,46.1,0.1,47.5,0,86,12.9,0,1.5,0,8355.8,-2.3,81429,0,0,0,0,0.6,0,123417,1,2.2,1.25,46.1,1.1,5859.5,50.1,0,4.6,0,2.38,0,0,2.4,0,8842,6,15.27,12.6
01/05/2003,49,-0.4,49.8,0,92.1,13.4,0,1.5,0,8411.1,0.7,82172,0,0,0,0,0.5,0,122951,0.5,2.1,1.25,49,0.7,5929.8,52.8,0,5.1,0,2.45,0,0,4,0,8957,6.1,15.33,12.9
01/06/2003,49,-0.3,55,0,89.7,5.8,8809.5,1.4,-128659,8448.6,2.1,84632,0,2,0,0,0.5,79.6,124253,-0.3,2.1,1,49,0,5968.5,54.3,0,4.9,0,2.88,0,0,4.3,0,9266,6.3,15.36,13.2
01/07/2003,51,-0.2,54.8,0,90.9,6.8,0,1.4,0,8566.8,-0.8,85373,0,0,0,0,0.7,0,126735,0.4,2.1,1,51,0.6,6013.4,57.3,0,5.5,0,3.03,0,0,4.3,0,9011,6.2,15.4,13
01/08/2003,53.2,-0.6,59.4,0,89.3,9.1,0,1.3,0,8647.1,0.7,84247,0,0,0,0,0.7,0,124049,0.2,2.2,1,53.2,-0.1,6070.2,59.1,0,5.3,0,3.53,0,0,5.2,0,8896,6.1,15.42,12.3
01/09/2003,52.4,0.4,54.2,0,87.7,8,8939.4,1.3,-129860,8571.4,2.2,86224,0,3.2,0,0,0.8,81,127930,0.7,2.3,1,52.4,0.6,6042,57.6,0,4.5,0,3.52,0,0,6.1,0,8921,6.1,15.42,12.8
01/10/2003,55.2,0.5,54.8,0,89.6,8.4,0,1.3,0,8605.3,2.9,88195,0,0,0,0,0.6,0,129466,1.1,2,1,55.2,1.1,6032.3,58.7,0,4.6,0,3.41,0,0,5.2,0,8732,6,15.43,12.2
01/11/2003,58.4,0.2,61.1,0,93.7,0.9,0,1.4,0,8677.4,-0.3,90513,0,0,0,0,0.8,0,130355,1.4,1.8,1,58.4,1.7,6037.2,57.5,0,4.7,0,3.44,0,0,5.9,0,8576,5.8,15.47,12.1
01/12/2003,60.1,0.3,62,0,92.6,11,9008.8,1.4,-126316,8711.5,-1.1,90164,11510.67,4.4,-3.3,59.7,0.9,82.3,134228,1.9,1.9,1,60.1,2,6035.2,56.8,0,4.8,290.33,3.96,188.6,0,4.6,0,8317,5.7,15.47,11.7
01/01/2004,60.8,0.1,64.7,0,103.8,10.9,0,1.6,0,8752.7,-2,90056,0,0,0,0,0.7,0,134408,1.5,2,1,60.8,1.5,6043.3,61.2,0,4.5,0,3.27,0,0,4.7,0,8370,5.7,15.5,12
01/02/2004,59.9,0.9,62.3,0,94.4,7.1,0,1.7,0,8791.8,2.6,93882,0,0,0,0,0.8,0,138204,1.8,1.7,1,59.9,2.1,6083.4,58,0,4.5,0,2.11,0,0,7,0,8167,5.6,15.54,11.7
01/03/2004,60.6,0.8,57.9,0,95.8,14.4,9096.4,1.7,-137062,8838.9,5.3,96519,0,4.4,0,0,0.7,82.4,143003,1.5,1.7,1,60.6,1.8,6118.6,58.3,0,4.5,0,1.46,0,0,6.9,0,8491,5.8,15.56,12
01/04/2004,60.6,0.7,64.1,0,94.2,3,0,1.9,0,8883.2,-3.7,95754,0,0,0,0,0.8,0,143232,2.7,2.3,1,60.6,3.1,6153.1,59.6,0,4.7,0,3.66,0,0,6.1,0,8170,5.6,15.59,11.6
01/05/2004,61.4,0.6,65.4,0,90.2,8.1,0,1.9,0,8959.1,-0.3,97259,0,0,0,0,1,0,145428,3.5,3.1,1,61.4,3.8,6240.4,58.5,0,4.7,0,4.86,0,0,7.6,0,8212,5.6,15.64,12.1
01/06/2004,60.5,1,60.9,0,95.6,7.2,9155.5,2,-156240,8988.2,1,94853,0,4.2,0,0,1,83.6,149555,2.5,3.3,1.25,60.5,2.6,6244.8,58.6,0,5,0,3.99,0,0,5.1,0,8286,5.6,15.67,12
01/07/2004,59.9,1,63.1,0,96.7,9.1,0,2,0,9014.5,0.8,96474,0,0,0,0,0.8,0,147767,2.8,2.9,1.25,59.9,3.3,6255.7,58.5,0,4.6,0,3.85,0,0,5.2,0,8136,5.5,15.7,12.1
01/08/2004,58.5,0.8,59.8,0,95.9,6.3,0,1.9,0,9048.3,-1.1,96909,0,0,0,0,0.7,0,150225,3.1,2.7,1.5,58.5,4.2,6280.3,57.3,0,4.6,0,3.34,0,0,3.6,0,7990,5.4,15.74,11.5
01/09/2004,57.4,0,63.2,0,94.2,16.7,9243,2,-159019,9065.9,1.8,98277,0,3.4,0,0,0.8,84.5,149765,2.6,2.5,1.75,57.4,3.3,6314.8,57.9,0,3.9,0,3.26,0,0,6.1,0,7927,5.4,15.78,11.7
01/10/2004,56.3,0.6,66.8,0,91.7,16.6,0,2.1,0,9109.1,-1.4,99773,0,0,0,0,0.7,0,154734,3.4,3.2,1.75,56.3,4.3,6342.4,58.8,0,3.8,0,4.47,0,0,7.2,0,8061,5.5,15.81,12.1
01/11/2004,56.2,1.1,64.2,0,92.8,7,0,2.1,0,9118.1,3.8,99533,0,0,0,0,0.9,0,158352,2.8,3.5,2,56.2,3.1,6369.4,58.4,0,3.5,0,4.98,0,0,6.3,0,7932,5.4,15.84,11.5
01/12/2004,57.2,0.2,61.7,0,97.1,8.5,9337.8,2.1,-179272,9457.5,0.1,102259,12274.93,3.1,-3.4,60.8,0.8,85.9,156760,3.6,3.3,2.25,57.2,4,6388.4,59.6,0,6.3,293.05,4.22,192.5,0,8,0,7934,5.4,15.87,11.7
01/01/2005,56.8,0.9,62.7,0,95.5,4.5,0,2.2,0,9147.5,0.5,103059,0,0,0,0,0.8,0,158620,3.8,3,2.25,56.8,4.9,6393.4,58,0,3.2,0,4.13,0,0,6.4,0,7784,5.3,15.91,11.6
01/02/2005,55.5,0.7,65.9,0,94.1,14.8,0,2.2,0,9178.1,0.9,103867,0,0,0,0,0.7,0,161321,3.9,3,2.5,55.5,4.9,6403.1,59.4,0,2.9,0,4.68,0,0,6.9,0,7980,5.4,15.93,12.4
01/03/2005,55.2,0.6,65,0,92.6,8.6,9409.2,2.2,-169508,9234.1,-4.4,104805,0,3.6,0,0,1,86,157424,4.3,3.1,2.75,55.2,4.6,6412.9,58,0,2.9,0,4.99,0,0,5.2,0,7737,5.2,15.97,11.8
01/04/2005,52.2,0.5,65.4,0,87.7,12.3,0,2.1,0,9278.7,4.5,106865,0,0,0,0,0.9,0,163980,3.9,3.5,2.75,52.2,4.5,6419.9,55.6,0,2.2,0,4.82,0,0,7.5,0,7672,5.2,16.01,11.8
01/05/2005,50.8,0.1,53.4,0,86.9,0.1,0,2.2,0,9325.7,5.7,106231,0,0,0,0,0.8,0,162495,3.3,2.8,3,50.8,4.1,6445.7,55.3,0,3,0,3.63,0,0,4.9,0,7651,5.1,16.04,11.7
01/06/2005,52.4,0,57,0,96,15.2,9511.5,2.1,-179354,9358.1,1.4,106314,0,3.4,0,0,0.9,87.2,164574,4.6,2.5,3.25,52.4,5,6480.8,58.1,0,2.3,0,3.7,0,0,9.2,0,7524,5,16.08,11.1
01/07/2005,52.8,-0.4,61.2,0,96.5,9.4,0,2,0,9421.6,-5.9,106679,0,0,0,0,1,0,164742,3.4,3.2,3.25,52.8,3.7,6509.9,59.5,0,1.9,0,4.71,0,0,8.8,0,7406,5,16.15,10.7
01/08/2005,52.4,0.4,52.3,0,89.1,9.8,0,2.1,0,9475,3.9,107997,0,0,0,0,0.8,0,166385,3.6,3.6,3.25,52.4,3.6,6537.6,61.3,0,2.4,0,5.25,0,0,7.6,0,7345,4.9,16.17,11.1
01/09/2005,56.8,0.6,58.3,0,76.9,4.6,9585.2,2.1,-186410,9517.7,-0.4,106885,0,3.3,0,0,0.9,88.5,171808,1.6,4.7,3.75,56.8,2.6,6573.3,55.7,0,2.3,0,6.86,0,0,5.9,0,7553,5,16.19,10.8
01/10/2005,57.2,0.7,61.7,0,74.2,5.2,0,2.2,0,9577.5,3.1,109388,0,0,0,0,0.6,0,176528,1.9,4.3,3.75,57.2,3.1,6607.4,57.4,0,2.6,0,5.86,0,0,5.4,0,7453,5,16.29,10.8
01/11/2005,56.7,0.7,62.3,0,81.6,6.8,0,2.3,0,9621.3,5.7,110656,0,0,0,0,0.6,0,174746,2.7,3.5,4,56.7,4,6626.4,59.1,0,2.7,0,4.35,0,0,5.9,0,7566,5,16.31,11.1
01/12/2005,55.1,1,60.2,0,91.5,7.3,9621.3,2.3,-209961,9674.4,-0.9,113277,13093.73,3,-2.5,61.3,0.6,89.5,177643,2.6,3.4,4.25,55.1,3.4,6654.1,59,0,2.8,295.56,5.38,198.5,0,4.7,0,7279,4.9,16.36,10.5
01/01/2006,55,0.7,61.1,0,91.2,76.5,0,2.2,0,9847.4,-5.5,115061,0,0,0,0,0.7,0,181741,2.3,4,4.5,55,3.5,6693.9,56.3,0,3.8,0,5.61,0,0,8.6,0,7064,4.7,16.42,10.4
01/02/2006,55.8,0.3,59.5,0,86.7,7.5,0,2.1,0,9893.8,4.9,115652,0,0,0,0,0.2,0,178503,1.6,3.6,4.5,55.8,2.4,6720.7,57.6,0,3.8,0,3.88,0,0,6.5,0,7184,4.8,16.48,10.8
01/03/2006,54.3,1,59.4,0,88.9,10.8,9729.2,2.1,-198203,9928.3,4,118272,0,3.2,0,0,0.4,90.7,180846,2,3.4,4.75,54.3,2.8,6737.3,56.9,0,3.8,0,3.58,0,0,6.8,0,7072,4.7,16.54,10.5
01/04/2006,55.2,0.6,57.6,0,87.4,11.9,0,2.2,0,9956.8,-5.3,118672,0,0,0,0,0.2,0,181516,2.3,3.5,4.75,55.2,3,6764.5,58.4,0,3.4,0,4.08,0,0,6.1,0,7120,4.7,16.64,10.3
01/05/2006,53.7,1.1,58.8,0,79.1,9.5,0,2.2,0,9970.3,0.2,120599,0,0,0,0,0.3,0,185444,1.9,4.2,5,53.7,2.2,6780.2,57,0,3.2,0,4.47,0,0,6.6,0,6980,4.6,16.65,10
01/06/2006,52,0.9,56.5,0,84.9,-11.4,9781,2.4,-202347,10016.1,2.7,122053,0,2.9,0,0,0,91.8,185534,1.9,4.3,5.25,52,2.3,6818.9,55.2,0,3.4,0,4.93,0,0,4,0,7001,4.6,16.72,10.4
01/07/2006,53,0.4,56.7,0,84.7,7.3,0,2.3,0,10048.9,-3.9,119803,0,0,0,0,0,0,186328,2.2,4.1,5.25,53,2.4,6858,55.6,0,2.9,0,3.99,0,0,3.6,0,7175,4.7,16.78,10.9
01/08/2006,53.7,0.8,56.9,0,82,12.6,0,2.5,0,10078.8,-1,122321,0,0,0,0,0.3,0,190144,2.3,3.8,5.25,53.7,2.6,6880.7,53.9,0,3,0,3.84,0,0,5.1,0,7091,4.7,16.83,10.7
01/09/2006,52.2,0.4,58.7,0,85.4,11.1,9838.1,2.4,-215769,10115.8,12.3,123562,0,2.2,0,0,0,93,188497,4.1,2.1,5.25,52.2,3.7,6911.6,54.5,0,3,0,0.88,0,0,4.4,0,6847,4.5,16.87,10.6
01/10/2006,51.4,0.3,53.9,0,93.6,2.6,0,2.3,0,10147,-8,125646,0,0,0,0,0.1,0,184636,2.7,1.3,5.25,51.4,1.8,6960.9,54.9,0,3.1,0,-1.24,0,0,4.1,0,6727,4.4,16.94,10.6
01/11/2006,50.3,0.4,51.1,0,92.1,11.4,0,2.1,0,10185.6,4,127445,0,0,0,0,0.2,0,186020,1.6,2,5.25,50.3,1.1,7000.8,54.5,0,3.2,0,0.95,0,0,3.4,0,6872,4.5,16.98,10.6
01/12/2006,51.4,0,51.6,0,91.7,16,9938.4,2.1,-189644,10254,1.7,128557,13855.89,2.4,-1.8,61.8,0.1,93.4,190149,2.1,2.5,5.25,51.4,2.4,7046,53.7,0,3,298.36,1.13,204.5,0,4.8,0,6762,4.4,17.05,10
01/01/2007,49.5,0.4,52.1,0,96.9,1.2,0,2.4,0,10294.9,-5.2,130079,0,0,0,0,0.3,0,187734,1.5,2.1,5.25,49.5,1.1,7079.3,55.6,0,3,0,0.13,0,0,1.7,0,7116,4.6,17.09,10.3
01/02/2007,51.9,0.4,51.2,0,91.3,12.1,0,2.4,0,10355.8,2,128399,0,0,0,0,0,0,186877,2.5,2.4,5.25,51.9,1.8,7098.5,54.2,0,3.3,0,2.41,0,0,2.6,0,6927,4.5,17.16,9.9
01/03/2007,50.7,0.2,58.6,0,88.4,14.4,9990.7,2.3,-197842,10423.3,3,133133,0,1.2,0,0,0.5,93.8,194930,2.5,2.8,5.25,50.7,2.7,7135.8,52,0,3.6,0,3.14,0,0,3.3,0,6731,4.4,17.22,10
01/04/2007,52.6,0.5,54.2,0,87.1,9.3,0,2.1,0,10441.2,1.3,132458,0,0,0,0,0,0,192972,2.8,2.6,5.25,52.6,2.9,7195,53.3,0,3.2,0,3.24,0,0,2.4,0,6850,4.5,17.28,10.3
01/05/2007,52.5,0.7,60.6,0,88.3,16.3,0,2,0,10465.4,-2,135183,0,0,0,0,-0.5,0,194470,2.9,2.7,5.25,52.5,3.3,7218.9,54.2,0,3,0,3.91,0,0,4,0,6766,4.4,17.34,9.9
01/06/2007,52.6,0.5,58.3,0,85.3,9.1,10024.6,1.9,-187344,10474.9,1.1,136594,0,1.7,0,0,-0.3,94.5,196114,2.6,2.7,5.25,52.6,3.2,7252,55.3,0,2.8,0,3.34,0,0,2.9,0,6979,4.6,17.41,10.6
01/07/2007,52.4,0.1,52.8,0,90.4,14.6,0,2,0,10514.5,3.8,137564,0,0,0,0,-0.5,0,197478,2.6,2.4,5.25,52.4,3.6,7280.7,53.6,0,2.8,0,4.21,0,0,2.9,0,7149,4.7,17.46,10.5
01/08/2007,50.9,0.4,52.2,0,83.4,19.1,0,1.9,0,10529.9,-1.9,140485,0,0,0,0,-0.4,0,197490,2.4,2,5.25,50.9,2.7,7346.7,52.8,0,2.6,0,2.34,0,0,2.9,0,7067,4.6,17.51,10.7
01/09/2007,51,0.5,52.7,0,83.4,14.2,10069.2,2,-168722,10597.6,-2.8,141276,0,2.3,0,0,-0.4,95.4,199070,2.9,2.8,4.75,51,3,7372.3,52.5,0,2.8,0,4.43,0,0,4,0,7170,4.7,17.57,11.2
01/10/2007,51.1,0.3,50.8,0,80.9,15.3,0,2.1,0,10608.9,0.7,144737,0,0,0,0,-0.8,0,201274,2.5,3.5,4.5,51.1,3,7386.1,53.5,0,2.8,0,6.1,0,0,4.7,0,7237,4.7,17.58,10.7
01/11/2007,50.5,0.6,53.4,0,76.1,15.3,0,2.3,0,10651.7,1.7,146373,0,0,0,0,-0.7,0,206090,3.1,4.3,4.5,50.5,3.4,7418.9,52.7,0,2.5,0,7.26,0,0,5.4,0,7240,4.7,17.64,10.8
01/12/2007,49,0.7,55.9,0,75.5,11.8,10081.8,2.3,-157128,10725.8,4.4,147269,14477.64,1.9,-1.1,62.5,-0.5,95.5,204422,2,4.1,4.25,49,2,7452.4,52.5,0,3,301.23,6.17,212.1,0,3,0,7645,5,17.7,11.7
01/01/2008,50.3,1,52.4,0,78.4,11.6,0,2.1,0,10784.1,-2.7,150167,0,0,0,0,-0.9,0,211306,2.2,4.3,3,50.3,2.1,7480.7,45,0,3.3,0,7.43,0,0,3.2,0,7685,5,17.75,11.7
01/02/2008,47.6,0.4,46.7,0,70.8,14.4,0,2,0,10826.6,-1.2,152433,0,0,0,0,-0.6,0,216781,0.9,4,3,48.3,1,7569.2,49.9,0,3.8,0,6.49,0,0,2.1,0,7497,4.9,17.8,11.4
01/03/2008,48.3,-0.1,49.9,0,69.5,10.4,10061,2.2,-180823,10883,-1,152089,0,1.1,0,0,-0.9,95.4,212154,0.4,4,2.25,48.6,-0.1,7638.9,49.4,0,3.9,0,6.7,0,0,1.4,0,7822,5.1,17.87,11.4
01/04/2008,48.8,0.5,48.4,0,62.6,9.5,0,2.2,0,10868.4,-0.8,156756,0,0,0,0,-1.1,0,220284,-1,3.9,2,48.6,-1.9,7664.7,51.8,0,3.5,0,6.39,0,0,1.9,0,7637,5,17.92,11
01/05/2008,48.8,0.1,49.1,0,59.8,3.4,0,2.3,0,11441.3,0.3,158799,0,0,0,0,-1.1,0,220950,-1.6,4.2,2,49.6,-2.3,7688.1,51.4,0,7.9,0,7.34,0,0,1.3,0,8395,5.4,17.98,13
01/06/2008,49.8,0.6,48.9,0,56.4,3.5,10077.9,2.3,-175923,11216.6,-0.4,163609,0,0.8,0,0,-0.6,94.7,224279,-1.7,5,2,50.2,-3.1,7704.6,48.3,0,5.5,0,9.09,0,0,2.3,0,8575,5.6,18.04,12.9
01/07/2008,50,0.7,49.5,0,61.2,2.5,0,2.3,0,11087.1,-2.5,165379,0,0,0,0,-0.9,0,232221,-2.2,5.6,2,50,-4.3,7749.5,50,0,4.4,0,9.85,0,0,1.4,0,8937,5.8,18.11,13.5
01/08/2008,49.2,0.1,55.5,0,63,-4.4,0,2.3,0,10989.4,-2.9,162658,0,0,0,0,-0.9,0,224766,-3.8,5.4,2,49.9,-5.1,7752.6,50.6,0,3.7,0,9.69,0,0,0.3,0,9438,6.1,18.18,13.1
01/09/2008,44.8,-0.6,57,0,70.3,-4.7,10005.1,2.1,-174642,11012.7,-2.3,153586,0,-0.3,0,0,-0.9,94.4,214086,-8.3,4.9,2,43.5,-8.7,7831,49.4,0,4.4,0,8.84,0,0,-1.8,0,9494,6.1,18.21,13.5
01/10/2008,38.9,-0.9,37.8,0,57.6,3,0,1.8,0,11006.9,-9.1,151364,0,0,0,0,-0.9,0,211555,-7,3.7,1,38.9,-8.9,7938.7,44.7,0,5.4,0,5.22,0,0,-6,0,10074,6.5,18.27,13.6
01/11/2008,36.5,-1.4,33.3,0,55.3,-8.3,0,1.7,0,10957.8,-4.2,142400,0,0,0,0,-1.8,0,187123,-8.6,1.1,1,36.2,-11.5,7996.7,37.6,0,6.2,0,0.35,0,0,-10.2,0,10538,6.8,18.32,14
01/12/2008,33.1,-2,33.7,0,60.1,-6.5,9884.7,1.4,-150002,10859.3,-5.7,132372,14718.58,-2.8,-3.1,67.7,-0.2,94.1,174835,-11.3,0.1,0.25,32.4,-14.6,8177,40,0,6.4,304.09,-0.94,212.6,0,-11.4,0,11286,7.3,18.38,14.8
01/01/2009,34.9,-1.2,33.5,0,61.2,4.9,0,1.2,0,10911.7,-11.6,125294,0,0,0,0,1,0,163136,-13.1,0,0.25,35.6,-16.8,8251.2,43.1,0,6.4,0,-0.93,0,0,-10.2,0,12058,7.8,18.41,15
01/02/2009,35.5,-1.5,33.9,0,56.3,-10.3,0,1.2,0,10837.3,-4.8,127342,0,0,0,0,0.1,0,155109,-13.4,0.2,0.25,35.8,-16.5,8284.8,41.5,0,5.9,0,-1.39,0,0,-9.7,0,12898,8.3,18.45,16
01/03/2009,36,-1.4,33.1,0,57.3,-16.5,9850.8,1.1,-95670,10827.9,-1.2,125998,0,-3.5,0,0,-1.2,93.5,155161,-14.6,-0.4,0.25,36.3,-17.7,8353.5,40,0,6.1,0,-3.43,0,0,-11.5,0,13426,8.7,18.5,16.5
01/04/2009,39.5,-1.2,38.7,0,65.1,-7.9,0,1.2,0,10903.2,-0.4,124390,0,0,0,0,-0.5,0,154095,-14.7,-0.7,0.25,40.1,-17.6,8337.8,43.4,0,6.7,0,-3.51,0,0,-11.2,0,13853,9,18.51,16.7
01/05/2009,41.7,-1.2,36.5,0,68.7,-6,0,1.2,0,11087.8,4.8,126221,0,0,0,0,-0.2,0,151593,-15.2,-1.3,0.25,42.8,-18.1,8407.3,44.2,0,8.1,0,-4.84,0,0,-11.1,0,14499,9.4,18.53,17.6
01/06/2009,45.8,-1.2,40.3,0,70.8,-17.8,9806.4,1.1,-86336,10964.6,-3.6,128891,0,-4.1,0,0,0,93.9,155258,-15.4,-1.4,0.25,44.8,-17.9,8416.4,46.8,0,6.6,0,-4.44,0,0,-9.8,0,14707,9.5,18.57,18
01/07/2009,49.9,-1.1,42.7,0,66,-3.1,0,1,0,10920.7,7.7,130848,0,0,0,0,-0.3,0,163637,-14.1,-2.1,0.25,48.9,-15.8,8421,47,0,6,0,-6.86,0,0,-9.2,0,14601,9.5,18.6,17.9
01/08/2009,53.5,-1.4,49.3,0,65.7,-9.4,0,1,0,10922.8,1.1,131438,0,0,0,0,-0.2,0,162705,-11.8,-1.5,0.25,52.9,-13.8,8407.3,49.1,0,4.9,0,-4.39,0,0,-6.8,0,14814,9.6,18.66,18.1
01/09/2009,54.4,-0.4,47.3,0,73.5,-5.6,9865.9,1,-91013,10955.6,-0.2,136142,0,-3.3,0,0,0,94.4,170632,-7.2,-1.3,0.25,52.6,-10.1,8416.3,50.5,0,5.9,0,-4.94,0,0,-7.6,0,15009,9.8,18.71,18.4
01/10/2009,56,0.5,53.9,0,70.6,-14,0,1.3,0,10944.3,3.1,140401,0,0,0,0,0.2,0,174228,-7.7,-0.2,0.25,55.7,-9.4,8444.1,50.9,0,5.4,0,-2.03,0,0,-3.2,0,15352,10,18.75,19.1
01/11/2009,54.4,0.6,55.5,0,67.4,-9,0,1.4,0,10995.2,-0.3,141370,0,0,0,0,0.2,0,178573,-6.2,1.8,0.25,53.6,-6.3,8483.3,49.3,0,5.7,0,2.15,0,0,1.4,0,15219,9.9,18.81,19.2
01/12/2009,55.3,-0.1,56.9,0,72.5,5.9,9864.8,1.5,-99503,11039.3,-1.5,144718,14418.74,-0.2,-9.8,82.4,-1,94,182700,-3.1,2.7,0.25,55.9,-3.2,8482.4,49.9,0,5.7,306.77,4.27,213.4,0,4.2,0,15098,9.9,18.84,18.8
01/01/2010,57.6,0.1,59.6,0,74.4,-14,0,1.6,0,11041.1,14.6,144013,0,0,0,0,0.1,0,181167,0.4,2.6,0.25,58.4,0.9,8437.5,50.1,0,5.6,0,4.46,0,0,2.8,0,15046,9.8,18.89,18.8
01/02/2010,56.1,0.5,58.3,0,73.6,-10.8,0,1.5,0,11023,-3.5,145059,0,0,0,0,-0.5,0,186093,1.4,2.1,0.25,56.5,1,8489.4,51.8,0,5.2,0,4.18,0,0,3.3,0,15113,9.8,18.91,18.7
01/03/2010,58.9,0.6,58.7,0,73.6,6.6,9917.7,1.6,-105328,11060.3,1.5,149262,0,1.6,0,0,0,92.7,189028,3.8,2.3,0.25,59.6,4.2,8487.7,53.4,0,5,0,5.91,0,0,7.5,0,15202,9.9,18.92,18.8
01/04/2010,58.3,0.4,60.6,0,72.2,-5.8,0,1.3,0,11141.1,4.5,147800,0,0,0,0,0.1,0,188664,5.1,2.2,0.25,60.4,6,8499.7,55.1,0,5.6,0,5.4,0,0,7.8,0,15325,9.9,18.96,19.5
01/05/2010,58.3,0.1,61.4,0,73.6,-7.8,0,1.3,0,11220.6,-0.5,152502,0,0,0,0,0.1,0,193834,7.9,2,0.25,59.7,8.8,8565.6,55.3,0,6,0,5.08,0,0,6,0,14849,9.6,19.01,18.1
01/06/2010,56,0.9,61.3,0,76,-3.6,9998.4,1.3,-111289,11231.2,0,152069,0,2.7,0,0,-1.1,91.3,198626,8.5,1.1,0.25,56.2,9.1,8582.9,54.5,0,5.9,0,2.7,0,0,4.2,0,14474,9.4,19.04,18.2
01/07/2010,55.7,0.9,62.8,0,67.8,-1.8,0,1.4,0,11253.9,1.9,155434,0,0,0,0,-0.6,0,195847,7.9,1.2,0.25,55.5,8.3,8593.8,54.6,0,5.9,0,4.12,0,0,4.2,0,14512,9.4,19.06,18.4
01/08/2010,57.2,0.9,60.2,0,68.9,0,0,1.3,0,11304.7,1.2,156016,0,0,0,0,-0.1,0,200937,7.2,1.1,0.25,56.3,7.3,8632.7,52.5,0,5.8,0,3.27,0,0,2.8,0,14648,9.5,19.11,17.7
01/09/2010,56.5,1.2,62.6,0,68.2,1,10063.1,1.2,-115118,11301.3,4.1,156896,0,3.1,0,0,-0.9,89.9,200937,6.7,1.1,0.25,54.4,6.5,8671.2,53.4,0,5.6,0,3.93,0,0,6.2,0,14579,9.5,19.14,17.9
01/10/2010,57.9,1,62,0,67.7,9.1,0,1,0,11355.5,-2.7,162730,0,0,0,0,0.1,0,202727,6.1,1.2,0.25,56.9,6.4,8720.7,55.4,0,5.4,0,4.26,0,0,6.5,0,14516,9.4,19.22,18.7
01/11/2010,57.6,0.7,62.1,0,71.6,0.3,0,1,0,11407.2,0.4,164418,0,0,0,0,-0.4,0,202180,5.7,1.1,0.25,56.6,5.4,8747.8,56.3,0,5.3,0,3.36,0,0,6.6,0,15081,9.8,19.23,18.5
01/12/2010,57.3,1.2,65.8,0,74.5,118.6,10166.1,0.9,-98963,11514.5,-0.5,167408,14964.37,2.7,-8.7,91.4,-0.7,88.4,208223,6.3,1.5,0.25,57,6,8782.9,56.8,0,5.9,310.599,3.75,204.7,0,6.7,0,14348,9.3,19.23,17.9
01/01/2011,59.6,0.7,66.2,0,74.2,8.2,0,1,0,11600.4,4.8,168932,0,0,0,0,-0.4,0,216055,5,1.6,0.25,60.8,5.1,8815.4,57.7,0,6.3,0,3.6,0,0,7.5,0,14013,9.1,19.3,18.1
01/02/2011,60,0.6,65.4,0,77.5,9.4,0,1.1,0,11664.6,-4.5,167437,0,0,0,0,-1.1,0,211155,4.2,2.1,0.25,61.4,5.3,8863,58.1,0,6.4,0,5.42,0,0,8.1,0,13820,9,19.31,17.7
01/03/2011,59.4,1.3,67.7,0,67.5,8.5,10217.1,1.1,-115124,11691.7,8,175373,0,1.9,0,0,-0.9,87,218851,4.4,2.7,0.25,61.2,4.6,8907.4,55.8,0,6.1,0,5.58,0,0,6.7,0,13737,9,19.31,17.6
01/04/2011,59.1,0.9,64.9,0,69.8,6.1,0,1.3,0,11712.1,-4.1,177458,0,0,0,0,0.2,0,219684,3.6,3.2,0.25,60.4,3.1,8957.5,55,0,5.8,0,6.63,0,0,6.6,0,13957,9.1,19.36,17.6
01/05/2011,53.7,1.1,56.6,0,74.3,7,0,1.4,0,11744,2.1,177451,0,0,0,0,-0.2,0,224671,2.3,3.6,0.25,53.5,1.7,9016.3,54.9,0,5.9,0,7.06,0,0,7.4,0,13855,9,19.4,17.3
01/06/2011,56.6,0.6,63.3,0,71.5,8.7,10237.7,1.5,-117307,11798.8,-2.9,175611,0,1.7,0,0,0.4,85.6,225043,2.3,3.6,0.25,55.3,1.9,9099.4,54.2,0,6.1,0,6.93,0,0,8.3,0,13962,9.1,19.42,17.1
01/07/2011,52.5,0.3,61.2,0,63.7,22,0,1.6,0,11869,4.5,180121,0,0,0,0,0.3,0,225810,2.3,3.6,0.25,50.9,1.8,9289.9,53.5,0,6.2,0,7.08,0,0,8,0,13763,9,19.49,17.3
01/08/2011,52.3,0.6,60.1,0,55.8,-7.9,0,1.7,0,11887.9,2.9,180455,0,0,0,0,-0.3,0,225423,2.5,3.8,0.25,50.6,1.9,9494,53.6,0,6.2,0,6.56,0,0,7.7,0,13818,9,19.49,17.4
01/09/2011,52.7,-0.3,63.3,0,59.5,10.7,10282.2,1.7,-104083,11873,-3.1,182398,0,1.2,0,0,0.6,84.8,225703,2.1,3.9,0.25,51.6,2.2,9522.2,52.3,0,5.7,0,7,0,0,7.8,0,13948,9,19.51,17.3
01/10/2011,51.5,0.7,60.3,0,60.8,8.5,0,1.8,0,11890.7,0.4,181683,0,0,0,0,-0.6,0,226645,3.1,3.5,0.25,50.8,2.6,9553.6,52.9,0,5.5,0,5.85,0,0,7.3,0,13594,8.8,19.56,16.7
01/11/2011,51.9,0.5,62.4,0,63.7,18.3,0,1.8,0,11895.5,3.7,179589,0,0,0,0,0.4,0,226633,2.9,3.4,0.25,52.7,2.3,9596.3,52.9,0,5.6,0,5.56,0,0,6.6,0,13302,8.6,19.56,17.1
01/12/2011,52.9,0.5,61.8,0,69.9,11.6,10316.8,2,-108076,11988.6,4.4,180513,15517.93,1.7,-8.5,96,0.4,84.1,229973,2.5,3,0.25,53.9,2.5,9635.9,52.5,0,6.4,312.9171,4.65,199.6,0,6.1,0,13093,8.5,19.57,16.7
01/01/2012,53.3,0.4,58.3,0,75,10.9,0,2.1,0,12108.9,-0.8,180073,0,0,0,0,-0.3,0,231056,3.3,2.9,0.25,54.1,3.3,9714.8,56.1,0,6.6,0,4.12,0,0,6.3,0,12797,8.3,19.56,16.1
01/02/2012,53.4,0.9,61.6,0,75.3,9.3,0,2,0,12197.6,-0.3,182640,0,0,0,0,0.3,0,226210,4.1,2.9,0.25,52.4,3.5,9758.1,56,0,6.7,0,3.38,0,0,6.7,0,12813,8.3,19.59,16.5
01/03/2012,53.6,0.4,61.7,0,76.2,14,10379,2.1,-115422,12251.6,-1.6,186316,0,2.8,0,0,0.9,82.9,236533,2.5,2.7,0.25,53.4,2.4,9801.4,55.6,0,7,0,2.8,0,0,6.2,0,12713,8.2,19.65,16.3
01/04/2012,54,0.4,57.5,0,76.4,13.2,0,2,0,12292.1,-0.7,185030,0,0,0,0,0.6,0,232284,3.7,2.3,0.25,54.8,3.7,9849,54.4,0,7.2,0,1.83,0,0,5.1,0,12646,8.2,19.68,16.5
01/05/2012,53.1,0.4,53,0,79.3,19.6,0,1.9,0,12288.5,-0.9,185070,0,0,0,0,0.6,0,231041,3.7,1.7,0.25,53.5,3.1,9883.1,54.4,0,7.3,0,0.62,0,0,5,0,12660,8.2,19.68,16.1
01/06/2012,51.1,0.3,55.2,0,73.2,12.1,10396.6,1.9,-111536,12309.4,0.8,185286,0,2.5,0,0,0.4,82.3,228746,3.5,1.7,0.25,49.7,3.3,9951,53.7,0,7.6,0,0.73,0,0,3.3,0,12692,8.2,19.72,16.3
01/07/2012,50,0.7,54.8,0,72.3,8.5,0,1.8,0,12280.5,2.7,184336,0,0,0,0,0.2,0,227706,3.3,1.4,0.25,49.8,2.6,10029.9,52.4,0,7.1,0,0.52,0,0,3.8,0,12656,8.2,19.75,16.3
01/08/2012,50.3,0.6,54.1,0,74.3,17.4,0,1.6,0,12295.3,-9.8,183265,0,0,0,0,0.6,0,227372,2.3,1.7,0.25,49.6,2.1,10098.3,53,0,7.1,0,1.93,0,0,4.7,0,12471,8.1,19.74,16.7
01/09/2012,51.9,0.6,51.9,0,78.3,9.8,10424.1,1.7,-100224,12395.5,7.1,188647,0,2.4,0,0,0.4,81.1,228711,2.3,2,0.25,51.5,1.7,10180.6,54.7,0,7.2,0,2.13,0,0,4.7,0,12115,7.8,19.78,15.4
01/10/2012,50.5,0.2,48.3,0,82.6,17.7,0,1.7,0,12500.2,0.6,182988,0,0,0,0,0.6,0,226029,1.9,2.2,0.25,51.7,0.9,10239.1,54.2,0,7.8,0,2.35,0,0,4,0,12124,7.8,19.8,16.1
01/11/2012,49,0.3,48.8,0,82.7,17.7,0,1.6,0,12666.3,0.1,185747,0,0,0,0,0.4,0,232414,2.5,1.8,0.25,49.5,2,10299.1,54.8,0,8.8,0,1.46,0,0,4,0,12005,7.7,19.85,15.9
01/12/2012,50,0.2,51.3,0,72.9,11.8,10453.2,1.6,-99016,13022.5,5.5,189591,16155.26,1.3,-6.8,100.1,0.6,80.8,227661,2.3,1.7,0.25,50.7,2.1,10423.6,55.6,0,11,315.2197,1.36,197.7,0,4.5,0,12298,7.9,19.89,16.6
01/01/2013,53.1,0.9,53.4,0,73.8,16.2,0,1.5,0,12261.4,-5.8,188751,0,0,0,0,0.7,0,229794,1.6,1.6,0.25,53.1,0.9,10452.7,55.3,0,4.9,0,1.46,0,0,4.3,0,12470,8,19.94,16.8
01/02/2013,54.5,0.1,55.7,0,77.6,21.1,0,1.5,0,12363,5.7,190448,0,0,0,0,0.6,0,233066,1.9,2,0.25,54.2,1,10449.4,56.1,0,4.7,0,1.76,0,0,4.1,0,11954,7.7,19.99,16.2
01/03/2013,52.4,-0.1,55.3,0,78.6,10.4,10502.3,1.4,-94637,12396.7,-7.6,188248,0,1.3,0,0,1.1,79.9,224197,2.7,1.5,0.25,51.3,1.3,10519.8,55.2,0,4.8,0,1.13,0,0,3,0,11672,7.5,20.01,16.1
01/04/2013,50.2,0.2,50.1,0,76.4,10.2,0,1.3,0,12412.5,4,189485,0,0,0,0,0.5,0,228412,1.8,1.1,0.25,50.7,0.3,10553.4,53.8,0,4.9,0,0.51,0,0,3.1,0,11752,7.6,20.03,16.1
01/05/2013,50,-0.2,57.4,0,84.5,15.1,0,1.3,0,12471.2,5,188438,0,0,0,0,0.9,0,231277,1.7,1.4,0.25,49,1,10587.2,54.3,0,5.3,0,1.6,0,0,3.7,0,11657,7.5,20.06,16.2
01/06/2013,52.6,-0.1,53.2,0,84.1,11,10523.9,1.3,-90541,12528.4,4.2,191198,0,1,0,0,0.6,79.6,227163,1.8,1.8,0.25,50.9,0.9,10639.9,54,0,5.4,0,2.28,0,0,5.1,0,11741,7.5,20.12,16.1
01/07/2013,54,0.4,52.1,0,85.1,14.5,0,1.3,0,12532.6,-10.6,190614,0,0,0,0,0.6,0,228284,1,2,0.25,55.4,0,10700.7,54.9,0,5.2,0,2.07,0,0,5.3,0,11350,7.3,20.14,15.5
01/08/2013,55.3,0.5,53.7,0,82.1,15.3,0,1.3,0,12588.7,2.9,190719,0,0,0,0,0.4,0,228802,2.2,1.5,0.25,55.7,1.2,10754.5,56.7,0,5.4,0,1.38,0,0,3.9,0,11284,7.3,20.18,15.5
01/09/2013,55.4,0.5,56.8,0,77.5,17.5,10573.1,1.3,-88709,12636.2,4.3,190791,0,1.7,0,0,0.5,79.6,232108,2.7,1.2,0.25,56.2,1.4,10809.4,53.6,0,5.3,0,0.31,0,0,2.9,0,11264,7.2,20.22,15
01/10/2013,55.4,0.6,62.1,0,73.2,17.6,0,1.3,0,12611.2,-2.9,194342,0,0,0,0,0.4,0,232143,2.3,1,0.25,56.4,1.7,10920.4,54.4,0,4.8,0,0.31,0,0,3.4,49.3,11133,7.2,20.25,15
01/11/2013,56.2,0.6,62.3,56.2,75.1,12.6,0,1.3,0,12635.1,6.1,195830,0,0,0,0,0,0,230681,2.1,1.2,0.25,57.3,0.9,10929.8,53.7,0,4.6,0,0.72,0,0,3.4,55.9,10792,6.9,20.32,14.2
01/12/2013,56,0.4,59.9,56.1,82.5,14.4,10662.2,1.3,-75656,12624.8,-3.2,194591,16691.52,2.7,-4.1,101.2,0.5,79,229405,2.1,1.5,0.25,57,0.1,10984.9,52.9,0,4.7,317.474,1.24,196.5,0,3.3,55.7,10410,6.7,20.34,13.5
01/01/2014,52.4,0.5,58.6,56.2,81.2,18.8,0,1.2,0,12698.5,-3.8,194564,0,0,0,0,0.6,0,233540,1.7,1.6,0.25,51.3,-0.6,11037.5,54.7,0,5.3,0,1.2,0,0,1.6,56.7,10240,6.6,20.4,14.3
01/02/2014,54.8,0.5,61.3,54.1,81.6,18.1,0,1.2,0,12771.3,3.6,193642,0,0,0,0,0.4,0,235436,2.1,1.1,0.25,53.2,0,11118.5,53.1,0,5.3,0,0.9,0,0,1.8,53.3,10383,6.7,20.49,14.3
01/03/2014,55,0.3,60.9,55.7,80,18.6,10713.4,1.3,-91271,12849,1.7,198684,0,1.7,0,0,0.4,78.4,240401,2.7,1.5,0.25,53.7,0.9,11161.3,54.1,0,5.4,0,1.4,0,0,3.8,55.3,10400,6.7,20.48,14.5
01/04/2014,55.3,0.4,63.6,55.6,84.1,23.7,0,1.4,0,12891.7,1.1,197822,0,0,0,0,0.3,0,242243,3,2,0.25,54.9,1.3,11217.4,55.2,0,5.5,0,2.1,0,0,5.1,55,9705,6.2,20.51,12.8
01/05/2014,55.5,0.4,66.1,58.6,81.9,18.8,0,1.5,0,12943.2,-1.5,199875,0,0,0,0,0.2,0,240723,3.3,2.1,0.25,55.4,1.3,11282.6,56.8,0,5.7,0,2,0,0,4.9,58.1,9740,6.3,20.55,13.2
01/06/2014,55.4,0.1,63.1,61,82.5,15.7,10805.1,1.5,-87897,13000.7,2.3,199153,0,2.7,0,0,0.5,78.2,238918,3.5,2.1,0.25,55.3,1.4,11330.7,56.6,0,5.8,0,1.9,0,0,4.6,61,9460,6.1,20.59,13.3
01/07/2014,55.6,0.4,51.8,60.6,81.8,22,0,1.5,0,13028.6,22.1,199490,0,0,0,0,0.4,0,239237,4.1,2,0.25,57.1,2.7,11405.8,57,0,5.9,0,1.7,0,0,4.2,60.8,9637,6.2,20.62,13.6
01/08/2014,57.9,0.2,63.2,59.7,82.5,16,0,1.5,0,13068.4,-17.9,199920,0,0,0,0,0.5,0,238065,3.3,1.7,0.25,59,1.3,11443.6,58.2,0,5.6,0,1.8,0,0,5.3,59.5,9616,6.2,20.67,13
01/09/2014,55.9,0.1,61,59,84.6,16.6,10909.9,1.5,-91881,13086.5,-1.3,197418,0,3.2,0,0,0.2,78,239485,3.1,1.7,0.25,56.6,1.2,11481.4,57.6,0,5.7,0,1.6,0,0,5.1,58.9,9255,5.9,20.68,13.7
01/10/2014,57.4,0.3,60.9,57.2,86.9,11.7,0,1.6,0,13123.2,-2.2,200144,0,0,0,0,0.5,0,240772,3.2,1.7,0.25,59,1.1,11521.7,56.1,0,5.6,0,1.5,0,0,4.9,57.1,8964,5.7,20.71,12.7
01/11/2014,57.6,0.1,60.2,56.1,88.8,15.6,0,1.4,0,13163.8,-0.9,198017,0,0,0,0,0.4,0,237607,3.7,1.3,0,58.7,2,11564.7,58.8,0,5.5,0,1.4,0,0,5,56.2,9060,5.8,20.77,12.7
01/12/2014,54.9,0,57.7,53.5,93.6,26.2,11045.2,1.3,-102751,13204.1,-2,197177,17393.1,2.7,-2.8,103.3,0.9,77.9,239813,3.2,0.8,0.25,55.5,1.6,11630.5,56.3,0,5.7,319.849,1.1,198.7,0,3.9,53.3,8718,5.6,20.73,12.4
01/01/2015,54.3,0,58.4,54.4,98.1,14.1,0,1.3,0,13265.6,1.4,191774,0,0,0,0,0.2,0,233593,2.9,-0.1,0.25,53.5,2.3,11706.5,57.2,0,5.6,0,0,0,0,4.1,54.2,8962,5.7,20.81,12.2
01/02/2015,53.5,0.3,48.1,57.2,95.4,19,0,1.4,0,13315.8,-3.3,190110,0,0,0,0,0.6,0,226309,1.7,0,0.25,52.9,0.7,11826.3,57.9,0,5.7,0,-0.5,0,0,2.4,57.1,8663,5.5,20.82,11.9
01/03/2015,52.3,0.1,48.9,59.2,93,22.7,11145.3,1.3,-108029,13304.6,5,191051,0,3.8,0,0,0.4,77.1,240092,0.5,-0.1,0.25,51.5,0.2,11845.7,57.3,0,5.3,0,-0.9,0,0,2.9,59.2,8538,5.4,20.89,12.3
01/04/2015,51.5,0.4,53.6,57,95.9,20.8,0,1.2,0,13353.4,-1.5,192593,0,0,0,0,0.4,0,233317,-0.1,-0.2,0.25,51.5,0.3,11895.9,57.5,0,5.7,0,-1.1,0,0,2,57.4,8521,5.4,20.92,11.6
01/05/2015,52.8,0.1,49.6,56,90.7,18.1,0,1.2,0,13429.3,-2.8,190972,0,0,0,0,0.6,0,230731,-0.8,0,0.25,52.8,0.1,11937.1,56.6,0,5.7,0,-0.8,0,0,2.7,56.2,8655,5.5,20.99,12.2
01/06/2015,53,0.7,48.4,54.6,96.1,24.7,11227.9,1.3,-106496,13352.5,5.6,190685,0,3.3,0,0,0.4,79.1,233181,-1.4,0.1,0.25,53.5,-0.6,11982.4,56,0,5.8,0,-0.5,0,0,2.6,54.8,8251,5.3,21,12
01/07/2015,51.7,0.1,52.6,55.7,93.1,18.2,0,1.2,0,13407.8,-0.7,190262,0,0,0,0,0.4,0,230706,-0.9,0.2,0.25,52.7,-0.2,12059.1,59,0,5.8,0,-0.7,0,0,3.1,55.7,8235,5.2,21.04,11.7
01/08/2015,51,0,53.1,55.7,91.9,13.3,0,1.3,0,13456,-1.9,186924,0,0,0,0,0.2,0,231174,-0.9,0.2,0.25,51.1,0.1,12138.5,58.6,0,5.9,0,-1,0,0,2.3,56.1,8017,5.1,21.1,10.9
01/09/2015,50.1,0.3,47.9,55,87.2,27.5,11304.6,1.3,-116563,13477.1,-2.7,187263,0,2.4,0,0,0.7,79.1,229325,-1.4,0,0.25,50.2,-0.2,12195,56.3,0,5.9,0,-1.1,0,0,2.5,55.1,7877,5,21.12,11.1
01/10/2015,49.6,-0.1,53.5,55,90,15.4,0,1.3,0,13601.9,2.7,185501,0,0,0,0,0.5,0,227098,-1.7,0.2,0.25,50.1,0,12200.4,58.1,0,6.1,0,-1.4,0,0,1.9,54.8,7869,5,21.19,11.1
01/11/2015,48.7,-0.2,47.4,55.9,91.3,18.7,0,1.3,0,13630.9,-0.5,183854,0,0,0,0,0.6,0,224781,-3,0.5,0.25,48.6,-0.9,12288.1,55.8,0,6,0,-1.3,0,0,1.9,56.1,7939,5,21.21,11.2
01/12/2015,47.9,0,42.5,54,92.6,6.9,11379.3,1.4,-103509,13654.4,-2.2,182919,18036.65,2,-2.5,101.2,0.5,79.2,224044,-3.3,0.7,0.5,48.2,-0.8,12330,55.2,0,6.1,322.0601,-1.1,198.7,0,3.1,54.3,7927,5,21.26,11.2
01/01/2016,48.6,0,55,53.2,92,16.7,0,1.7,0,13682.4,2.6,178660,0,0,0,0,0.6,0,222070,-2,1.4,0.5,48.2,0.1,12418.3,54,0,6.2,0,0,0,0,2.8,53.2,7829,4.9,21.32,10.3
01/02/2016,49.7,-0.2,49.3,50,91.7,13.4,0,1.7,0,13688.5,-4.7,180892,0,0,0,0,0.3,0,226182,-2.1,1,0.5,49.5,0.4,12472.8,54.3,0,6,0,0,0,0,3.9,49.7,7845,4.9,21.33,10.5
01/03/2016,51.7,0.4,53.1,51.3,91,24,11430.5,1.6,-119210,13719.3,1.3,179897,0,1.6,0,0,0.8,78.4,217277,-2.4,0.9,0.5,51.8,-0.1,12567.2,54.9,0,6.2,0,-0.1,0,0,2,51.3,7977,5,21.4,10.4
01/04/2016,50.7,0.2,50.7,52.4,89,19.2,0,1.6,0,13855.4,4.8,181895,0,0,0,0,0.3,0,220317,-1.7,1.1,0.5,50.8,-0.2,12652.2,55.7,0,5.9,0,0,0,0,2.7,52.8,7910,5,21.46,10.8
01/05/2016,51,0.1,50.3,50.9,94.7,20.9,0,1.6,0,13891.1,-3,182166,0,0,0,0,0.4,0,223686,-1.5,1,0.5,51.3,-0.3,12733,53.6,0,6,0,-0.1,0,0,2.1,51.3,7451,4.7,21.48,10.4
01/06/2016,52.8,0.3,55.5,51.2,93.5,14.5,11537.7,1.6,-108200,13941,-4.8,183770,0,1.3,0,0,0.4,78.8,227605,-0.8,1,0.5,53.2,0.2,12807.6,56.1,0,5.8,0,0.3,0,0,3.2,51.4,7799,4.9,21.53,10.7
01/07/2016,52.3,0,54.6,51.8,90,16.7,0,1.6,0,14059.9,4.1,185330,0,0,0,0,0.5,0,226624,-1.2,0.8,0.5,52.6,-0.3,12893.3,54.9,0,5.8,0,-0.2,0,0,2.2,51.4,7749,4.9,21.59,10.8
01/08/2016,49.4,0.3,51.6,51.5,89.8,25.1,0,1.7,0,14075.7,0.6,187385,0,0,0,0,0.7,0,228514,-1.3,1.1,0.5,49.4,-0.6,13005.8,51.7,0,6,0,0,0,0,2.1,51,7853,4.9,21.62,10.2
01/09/2016,51.7,0.2,54,52.3,91.2,17.9,11618.1,1.7,-110270,14107.2,-0.5,188123,0,1.5,0,0,0.7,79.4,226588,-1.2,1.5,0.5,51.5,-0.1,13070.6,56.6,0,5.7,0,0.7,0,0,3.2,52.3,7904,4.9,21.68,10.3
01/10/2016,52,-0.3,51.8,54.9,87.2,21,0,1.7,0,14226.5,6.1,185599,0,0,0,0,0.3,0,228668,-0.8,1.6,0.5,51.9,-0.1,13137.5,54.6,0,5.3,0,0.8,0,0,4,54.8,7740,4.8,21.72,10.4
01/11/2016,53.5,0.8,57.2,54.9,93.8,24.5,0,1.6,0,14225.1,-4.6,184848,0,0,0,0,0.7,0,231221,-0.4,1.7,0.5,53.2,0.2,13223.2,56.2,0,4.9,0,1.3,0,0,3.7,54.6,7409,4.6,21.74,10.1
01/12/2016,54.5,0.4,53.9,54.1,98.2,11.8,11702.1,1.7,-114006,14281.2,0.3,189507,18569,2,-3.2,106,0.5,79.5,234114,0.8,2.1,0.75,54.7,0.7,13246.9,56.6,39.6,4.5,324,1.6,200,0,4,53.9,7529,4.7,21.8,10
01/01/2017,56,0.3,50.3,55.8,98.5,15.1,0,1.7,0,14345.4,0.3,191698,0,0,0,0,0.2,0,240473,0,2.5,0.75,56,0.5,13270.1,56.5,0,5,0,1.6,0,0,5.6,55.6,7635,4.8,21.83,10.1
01/02/2017,57.7,0.3,57.4,54.1,96.3,18.5,0,1.8,0,14402.2,1.4,192311,0,0,0,0,0.8,0,236818,0.4,2.7,0.75,57.7,1,13313.1,57.6,0,5.3,0,2.2,0,0,4.7,53.8,7528,4.7,21.86,9.9
01/03/2017,57.2,0.2,57.7,53,96.9,14,11758,1.6,-116781,14428.5,2.4,192218,0,2.1,0,0,0.8,78.7,237029,1.4,2.4,1,57.2,0.5,13390.6,55.2,0,5.3,0,2.3,0,0,4.8,52.8,7202,4.5,21.9,9.1
01/04/2017,54.8,-0.2,58.3,53.2,97,12.8,0,1.5,0,14432.5,-0.8,191569,0,0,0,0,0.6,0,238944,2,2.2,1,54.8,1.7,13435.6,57.5,0,5.3,0,2.5,0,0,4.5,53.1,7056,4.4,21.96,9.4
01/05/2017,54.9,0.3,59.4,53.6,97.1,18.1,0,1.4,0,14490.1,0,192308,0,0,0,0,0.3,0,238703,2.1,1.9,1,54.9,1.3,13495.5,56.9,0,5.5,0,2.4,0,0,4.2,53.6,6861,4.3,21.99,8.8
01/06/2017,57.8,0.5,65.7,53.9,95.1,11.5,11854.4,1.5,-123137,14364.7,6.4,194946,0,2.2,0,0,0.1,78.2,238489,2.1,1.6,1.25,57.8,1.3,13519.3,57.4,0,3.8,0,2,0,0,3.4,54.2,6977,4.4,22.03,9.1
01/07/2017,56.3,0.3,58.9,54.6,93.4,17.7,0,1.4,0,0,-6.8,194381,0,0,0,0,0,0,238071,2.2,1.7,1.25,56.3,1.2,13602.2,53.9,0,3.5,0,1.9,0,0,4.2,54.7,6981,4.3,22.09,9
01/08/2017,58.8,0.7,58.9,55.3,96.8,13.1,0,1.3,0,0,1.7,0,0,0,0,0,0.7,0,0,0,0,1.25,58.8,0,13647,55.3,0,0,0,0,0,0,0,56,0,0,22.14,0
01/09/2017,0,0,65.2,0,0,20.83,11922,1.3,-100600,14465,2.2,196816,0,2.4,0,0,0.3,78.5,240311,1.6,2.2,1.25,60.8,1,13692,59.8,0,3.1,0,2.6,0,113,4.4,0,0,0,22.23,9.1
01/10/2017,58.7,-0.1,66.2,55.2,101,20.52,0,1.4,0,14513,-1.2,195907,0,0,0,0,0.5,0,244639,2.9,2,0,58.7,0,13747,60.1,0,3.2,0,2.8,0,0,4.6,55.3,6520,4.1,22.22,9
01/11/2017,58.2,0.4,63.9,54.6,97.8,27.95,0,1.5,0,14566,1.3,200222,0,0,0,0,0.4,0,250719,3.4,2.2,1.25,58.2,0,13785,57.4,0,2.9,0,3.1,0,0,5.8,54.7,6610,4.1,22.24,9.6
01/12/2017,59.7,0.4,67.6,53,96.8,18.45,12028,1.5,-128158,14589,2.9,203351,19391,2.8,-3.5,105,0.3,78.7,256469,3.6,2.1,1.5,59.7,2.5,13844,55.9,0,2.4,326,2.6,200,0,5.4,52.4,6576,4.1,22.3,8.9
01/01/2018,59.1,0.6,65.7,53.8,94.4,13.91,0,1.5,0,14731,-3.7,200910,0,0,0,0,0.8,0,257510,3.7,2.1,1.5,59.1,2.4,13838,59.9,0,3.2,0,2.7,0,0,3.6,53.3,6684,4.1,22.34,9.2
01/02/2018,60.8,0.6,61.9,55.9,99.9,10.6,0,1.6,0,14795,3.1,204445,0,0,0,0,0.6,0,262037,4.4,2.2,1.5,60.7,2.4,13858,59.5,0,3.4,0,2.8,0,0,4,55.9,6706,4.1,22.4,9
01/03/2018,59.3,0,57.4,54.3,102,11.6,12067,1.9,-124105,14810,2.6,208530,0,2.9,0,0,0.1,77.3,257480,4.3,2.4,1.75,59.3,1.8,13918,58.8,0,3.1,0,3,0,0,4.5,54.1,6585,4.1,22.42,8.5
01/04/2018,57.3,0.3,57.6,54.8,97.8,9.26,0,1.8,0,14861,-1.7,211245,0,0,0,0,0.1,0,257444,3.5,2.5,1.75,57.9,2.5,13951,56.8,0,2.8,0,2.6,0,0,4.7,54.4,6346,3.9,22.51,8.4
01/05/2018,58.7,0.4,62.7,55.7,98.8,24.56,0,2,0,14930,-0.6,215330,0,0,0,0,0.2,0,258380,3.5,2.8,1.75,58.7,3,14025,58.6,0,6.6,0,3.1,0,0,5.9,55.7,6065,3.8,22.59,8.7
01/06/2018,60,0.1,64.1,56,99.3,10.2,12848,1.9,-101460,15520,1,213810,0,3.2,0,0,0.2,0,260160,3.8,2.9,2,60,1.8,14112,58.7,0,6.5,0,3.4,0,0,6.1,56.5,6564,4,22.62,8.9
01/07/2018,58.4,0.6,65.5,55.9,97.9,16.64,0,2,0,15566,-1.7,211077,0,0,0,0,0.2,0,261159,4.2,2.9,2,58.4,1.7,14147,56.7,0,6.4,0,3.3,0,0,6.6,56.2,6280,3.9,22.65,8.6
01/08/2018,60.8,0.5,63.6,55,96.2,20.08,0,2,0,15617,4.5,209433,0,0,0,0,0.3,0,262670,4.9,2.7,2,60.8,1.9,14217,58.5,0,6.4,0,2.8,0,0,6.4,55.2,6234,3.9,22.73,8.4
01/09/2018,59.5,0.3,60.4,53.4,100.1,10.92,12969,2,-124817,15651,0.8,212565,0,3.1,0,0,0.2,0,266584,5.4,2.3,2.25,59.5,3.5,14254,60.8,0,6.4,0,2.6,0,0,3.9,52.9,5964,3.7,22.81,8.5
01/10/2018,57.5,0.6,58.4,54.8,98.6,25.38,0,1.8,0,15700,-4.4,211046,0,0,0,0,0.3,0,266534,4.1,2.5,2.25,57.5,2,14272,60,0,6.4,0,2.9,0,0,4.8,54.7,6075,3.7,22.89,8.3
01/11/2018,58.5,-0.1,66.4,54.4,97.5,22.2,0,1.9,0,15743,0.6,209873,0,0,0,0,0.4,0,259186,4.1,2.2,2.25,58.8,2,14318,60.4,0,6.2,0,2.5,0,0,4,54.4,5975,3.7,22.95,8.1
01/12/2018,54.3,0,65.4,53.6,98.3,16.55,0,1.9,0,0,1.1,0,20500.6,2.5,0,0,0,0,0,3.8,1.9,2.5,54.3,2.6,14455,58,0,7.7,0,2.5,0,0,1.4,53.4,6294,3.9,23.05,8.7
01/01/2019,56.6,0,56.7,54.5,91.2,0,0,1.8,0,0,0.5,0,0,0,0,0,0,0,0,3.6,1.6,2.5,56.6,2.4,14467,56.7,0,7.2,0,2,0,0,2.6,54.2,6535,4,23.12,9.1
01/02/2019,54.2,0,0,55.8,93.8,0,0,1.6,0,0,-2.6,0,0,0,0,0,0,0,0,2.7,1.5,2.5,54.2,0.8,14478,59.7,0,7.3,0,0,0,0,1.9,56.2,0,3.8,0,0
01/03/2019,55.3,,,,98.4,,,1.8,,,1.7,,,2.7,,,,,,2.3,1.9,2.5,55.3,0.7,14509,56.1,,6.5,,,,,3.8,,,3.8,,
01/04/2019,52.8,,,,97.2,,,1.6,,,-2.8,,,0,,,,,,0.7,2,2.5,52.8,-0.6,14513,55.5,,6.2,,,,,3.8,,,3.6,,
01/05/2019,52.1,,,,100,,,1.6,,,-2.3,,,0,,,,,,1.7,1.8,2.5,52.1,0.3,14612,56.9,,,,,,,3,,,3.6,,
01/06/2019,51.7,,,,98.2,,,1.6,,,1.8,,,2.3,,,,,,1,1.6,2.5,51.7,0.2,,55.1,,,,,,,3.3,,,3.7,,
01/07/2019,51.2,,,,98.4,,,1.6,,,2.1,,,0,,,,,,0.4,1.8,2.25,51.2,-0.6,,53.7,,,,,,,3.5,,,3.7,,
01/08/2019,49.1,,,,89.8,,,1.6,,,0.2,,,0,,,,,,0.4,1.7,2.25,49.1,-0.4,,56.4,,,,,,,4.4,,,3.7,,
01/09/2019,47.8,,,,93.2,,,1.8,,,-1.5,,,2.1,,,,,,-0.2,1.7,2,47.8,-1.1,,52.6,,,,,,,4,,,3.5,,
01/10/2019,48.3,,,,95.5,,,1.7,,,0.2,,,0,,,,,,-1.3,1.8,1.75,48.3,-1.7,,54.7,,,,,,,3.2,,,3.6,,
01/11/2019,48.1,,,,96.8,,,1.6,,,-2,,,0,,,,,,-0.8,2.1,1.75,48.1,-0.8,,53.9,,,,,,,3.3,,,3.5,,
01/12/2019,,,,,99.2,,,1.6,,,,,,,,,,,,,,,,,,,,,,,,,,,,,,